INSERT INTO PUBLIC.FACILITY(ID, NAME, DESCRIPTION, TYPE, ADDRESS, CITY, STATE, ZIP, COUNTY, COUNTRY, PHONE, URI, PRICE_RANGE) VALUES(1, 'Willow Springs Golf Course', '', 'PUBLIC', '12980 Livestock Rd', 'West Friendship', 'MD', '21794', 'Howard', 'United States', '4104427700', 'http://www.willowspringsgolfcourse.com', 1);;
INSERT INTO PUBLIC.FACILITY(ID, NAME, DESCRIPTION, TYPE, ADDRESS, CITY, STATE, ZIP, COUNTY, COUNTRY, PHONE, URI, PRICE_RANGE) VALUES(2, 'Timbers at Troy, The', '', 'SEMI_PRIVATE', '6100 Marshalee Drive', 'Elkridge', 'MD', '21075', 'Howard', 'United States', '4103134653', 'http://www.timbersgolf.com', 1);;
INSERT INTO PUBLIC.FACILITY(ID, NAME, DESCRIPTION, TYPE, ADDRESS, CITY, STATE, ZIP, COUNTY, COUNTRY, PHONE, URI, PRICE_RANGE) VALUES(3, 'Renditions Golf Course', '', 'PUBLIC', '1380 W Central Ave', 'Davidsonville', 'MD', '21035', 'Anne Arundel', 'United States', '4107989798', 'http://www.renditionsgolf.com', 3);;
INSERT INTO PUBLIC.FACILITY(ID, NAME, DESCRIPTION, TYPE, ADDRESS, CITY, STATE, ZIP, COUNTY, COUNTRY, PHONE, URI, PRICE_RANGE) VALUES(4, 'South River Golf Links', '', 'PUBLIC', '3451 Soloman''s Island Rd', 'Edgewater', 'MD', '21037', 'Anne Arundel', 'United States', '4107985865', 'http://www.mdgolf.com/south', 2);;
INSERT INTO PUBLIC.FACILITY(ID, NAME, DESCRIPTION, TYPE, ADDRESS, CITY, STATE, ZIP, COUNTY, COUNTRY, PHONE, URI, PRICE_RANGE) VALUES(5, 'Pine Needles Resort & Golf Club', '', 'PUBLIC', '1005 Midland Rd', 'Southern Pines', 'NC', '28387', 'Moore', 'United States', '9106927111', 'http://pineneedles-midpines.com', 3);;
INSERT INTO PUBLIC.FACILITY(ID, NAME, DESCRIPTION, TYPE, ADDRESS, CITY, STATE, ZIP, COUNTY, COUNTRY, PHONE, URI, PRICE_RANGE) VALUES(6, 'Whitetail Golf Resort', '', 'PUBLIC', '2679 Klein Rd', 'Mercersburg', 'PA', '17236', 'Franklin', 'United States', '7173284178', 'http://www.golfatwhitetail.com', 2);;
INSERT INTO PUBLIC.FACILITY(ID, NAME, DESCRIPTION, TYPE, ADDRESS, CITY, STATE, ZIP, COUNTY, COUNTRY, PHONE, URI, PRICE_RANGE) VALUES(7, 'Giants Ridge', STRINGDECODE('We''re a resort like no other. When you experience our two 18-hole courses,The Legend at Giants Ridge and The Quarry at Giants Ridge, you''ll rediscover golf as it was meant to be played--and you''ll know why we were named among the \"Top Six Golf Destinations in the World,\" by GolfWorld magazine.\r\n\r\nTop Places To Play, Golf Digest, 2000, 2001, 2002, 2003, 2004.\r\n\r\nTop Six Golf Destinations in the World, GolfWorld magazine, 2003.\r\n\r\nNational Environmental Steward Award Golf Course Superintendent''s Association of America, 2001.'), 'PUBLIC', 'County Road 138', 'Biwabik', 'MN', '55708', 'St. Louis', 'United States', '8006887669', 'http://www.giantsridge.com/courses', 3);;
INSERT INTO PUBLIC.FACILITY(ID, NAME, DESCRIPTION, TYPE, ADDRESS, CITY, STATE, ZIP, COUNTY, COUNTRY, PHONE, URI, PRICE_RANGE) VALUES(8, 'Hawktree Golf Club', 'Hawktree Golf Club is open to the public and a warm North Dakota welcome awaits golfers and companions of all abilities.', 'PUBLIC', '3400 Burnt Creek Loop', 'Bismarck', 'ND', '58503', 'Burleigh', 'United States', '8884654295', 'http://www.hawktree.com', 2);;
INSERT INTO PUBLIC.FACILITY(ID, NAME, DESCRIPTION, TYPE, ADDRESS, CITY, STATE, ZIP, COUNTY, COUNTRY, PHONE, URI, PRICE_RANGE) VALUES(9, 'Lakota Canyon Ranch Golf Club', 'Lakota Canyon Ranch opened for play in May 2004, offering 18 holes of world class golf with stunning views of rugged Western Colorado canyons and natural terrain.', 'PUBLIC', '1000 Club House Drive', 'New Castle', 'CO', '81647', 'Garfield', 'United States', '9709849700', 'http://www.lakotacanyonranch.com/golf.htm', 3);;
INSERT INTO PUBLIC.FACILITY(ID, NAME, DESCRIPTION, TYPE, ADDRESS, CITY, STATE, ZIP, COUNTY, COUNTRY, PHONE, URI, PRICE_RANGE) VALUES(10, 'Old Works', 'With its affordability, course conditioning and friendly service, Old Works is quickly building a reputation as one of the premiere, daily fee golf experiences in the Northwest region. It is owned by Anaconda Deer-Lodge County.', 'PUBLIC', '1205 Pizzini Way', 'Anaconda', 'MT', '59711', 'Anaconda-Deer Lodge', 'United States', '4065635989', 'http://www.oldworks.com', 2);;
INSERT INTO PUBLIC.FACILITY(ID, NAME, DESCRIPTION, TYPE, ADDRESS, CITY, STATE, ZIP, COUNTY, COUNTRY, PHONE, URI, PRICE_RANGE) VALUES(11, 'Beechtree', STRINGDECODE('Beechtree ranked as one of the Top 100 Courses by Golf Magazine in 2006.\r\n\r\nBeechtree was named one of the top two public courses in Maryland by Golf Week Magazine, in 2005 and 2006.'), 'PUBLIC', '811 S Stepney Rd', 'Aberdeen', 'MD', '21001', 'Harford', 'United States', '8772332487', 'http://www.beechtreegolf.com', 3);;
INSERT INTO PUBLIC.FACILITY(ID, NAME, DESCRIPTION, TYPE, ADDRESS, CITY, STATE, ZIP, COUNTY, COUNTRY, PHONE, URI, PRICE_RANGE) VALUES(12, 'Hell''s Point Golf Club', 'If you''re ready to heat up your game, Hell''s Point Golf Club is hard to resist. Renowned golf course architect Rees Jones had a devilish inspiration when he designed this 6,776-yard, par 72, 18-hole course with its lakes, interesting fairway angles, challenging greens and 61 sculptured sandtraps. The course has received many awards including Golf Digest''s "One of the Best New Courses" rating when it opened in 1982, as well as "Best of the Beach" by the Virginian Pilot Reader''s Poll 14 years running. Hell''s Point lures you to the first tee with the promise of adventure and holds you through the last hole with its masterful challenges. Come visit Hell''s Point located near the Virginia Beach Oceanfront and discover for yourself why many golfers visit, but few want to leave.', 'PUBLIC', '2700 Atwoodtown Rd', 'Virginia Beach', 'VA', '23456', 'Princess Anne', 'United States', '7577213400', 'http://www.hellspoint.com', 2);;
INSERT INTO PUBLIC.FACILITY(ID, NAME, DESCRIPTION, TYPE, ADDRESS, CITY, STATE, ZIP, COUNTY, COUNTRY, PHONE, URI, PRICE_RANGE) VALUES(13, 'Mission Hills Country Club', '', 'PRIVATE', '600 Mission Hills Dr', 'Rancho Mirage', 'CA', '92270', 'Riverside', 'United States', '7603249400', 'http://www.missionhills.com', 5);;
INSERT INTO PUBLIC.FACILITY(ID, NAME, DESCRIPTION, TYPE, ADDRESS, CITY, STATE, ZIP, COUNTY, COUNTRY, PHONE, URI, PRICE_RANGE) VALUES(14, 'Quail Hollow Resort & Country Club', '', 'PRIVATE', 'Interstate 90 & State Route 44', 'Concord', 'OH', '44077', 'Lake', 'United States', '4403503563', 'http://www.quailhollowcc.com', 4);;
INSERT INTO PUBLIC.FACILITY(ID, NAME, DESCRIPTION, TYPE, ADDRESS, CITY, STATE, ZIP, COUNTY, COUNTRY, PHONE, URI, PRICE_RANGE) VALUES(15, 'Renaissance PineIsle Resort', '', 'PUBLIC', '9000 Holiday Rd', 'Buford', 'GA', '30518', 'Gwinnett', 'United States', '7709458921', 'http://www.lakelanierislands.com/content.asp?pid=30', 3);;
INSERT INTO PUBLIC.FACILITY(ID, NAME, DESCRIPTION, TYPE, ADDRESS, CITY, STATE, ZIP, COUNTY, COUNTRY, PHONE, URI, PRICE_RANGE) VALUES(16, 'Pointe Golf Club, The', '', 'PUBLIC', '308 Pointe Golf Club Dr', 'Powells Point', 'NC', '27966', 'Currituck', 'United States', '2524918388', 'http://www.thepointegolfclub.com', 3);;
INSERT INTO PUBLIC.FACILITY(ID, NAME, DESCRIPTION, TYPE, ADDRESS, CITY, STATE, ZIP, COUNTY, COUNTRY, PHONE, URI, PRICE_RANGE) VALUES(17, 'Valley View Golf Course', '', 'PUBLIC', '2501 E Gentile St', 'Layton', 'UT', '84040', 'Davis', 'United States', '8015461630', 'http://www.golfingutah.com/valleyview/default.htm', 1);;
INSERT INTO PUBLIC.FACILITY(ID, NAME, DESCRIPTION, TYPE, ADDRESS, CITY, STATE, ZIP, COUNTY, COUNTRY, PHONE, URI, PRICE_RANGE) VALUES(18, 'Capstone Club of Alabama', 'Featuring 18 of the most distinctive golf holes in the country, it''s no wonder we call ourselves "The Cure for the Common Course."  Designed by renowned architect Gil Hanse, the Capstone Club pays homage to the great architects of past and present.  Recently ranked 3rd in the state of Alabama by Golfweek Magazine, the Capstone Club may very well be the best value for Championship Golf in the United States.', 'PUBLIC', '16000 Capstone Boulevard', 'Brookwood', 'AL', '35444', 'Tuscaloosa', 'United States', '2054620590', 'http://www.capstoneclub.com', 2);;
INSERT INTO PUBLIC.FACILITY(ID, NAME, DESCRIPTION, TYPE, ADDRESS, CITY, STATE, ZIP, COUNTY, COUNTRY, PHONE, URI, PRICE_RANGE) VALUES(19, 'Aldeen Golf Club and Practice Centre', 'Aldeen Golf Club invites you to experience the exceptional with expertly manicured bent grass greens, challenging water features, gently rolling hills, beach bunkers, glorious flowers, and mature trees.', 'PUBLIC', '1900 Reid Farm Rd', 'Rockford', 'IL', '61107', 'Winnebago', 'United States', '8152824653', 'http://www.aldeengolfclub.com', 2);;
INSERT INTO PUBLIC.FACILITY(ID, NAME, DESCRIPTION, TYPE, ADDRESS, CITY, STATE, ZIP, COUNTY, COUNTRY, PHONE, URI, PRICE_RANGE) VALUES(20, 'Puakea Golf Course', '', 'PUBLIC', '4150 Nuhou Rd', 'Lihue', 'HI', '96766', 'Kauai', 'United States', '8667735554', 'http://www.puakeagolf.com', 4);;
INSERT INTO PUBLIC.FACILITY(ID, NAME, DESCRIPTION, TYPE, ADDRESS, CITY, STATE, ZIP, COUNTY, COUNTRY, PHONE, URI, PRICE_RANGE) VALUES(21, 'Moose Run Golf Course', '', 'PUBLIC', '27000 Arctic Valley Rd', 'Fort Richardson', 'AK', '99505', 'Anchorage', 'United States', '9074280056', 'http://www.mooserungolfcourse.com/CreekCourse.htm', 2);;
INSERT INTO PUBLIC.FACILITY(ID, NAME, DESCRIPTION, TYPE, ADDRESS, CITY, STATE, ZIP, COUNTY, COUNTRY, PHONE, URI, PRICE_RANGE) VALUES(22, 'Greenbrier Resort, The', STRINGDECODE('For nearly a century, prominent Americans have matched skills on our fairways. Our three 18-hole championship courses, The Old White, The Greenbrier and The Meadows, are more than enough reason to lure golf aficionados to White Sulphur Springs. The spacious, well-groomed practice range immediately adjacent to the Golf Clubhouse offers realistic target greens, as well as a large putting/chipping area.\r\n\r\nGolfers who have played at The Greenbrier include Arnold Palmer, Jack Nicklaus, Ben Hogan, President Dwight D. Eisenhower, Nick Faldo and Tom Watson, to name a few. Each course begins and ends at The Golf Club and offers unique challenges and breathtaking views of the surrounding Allegheny Mountains.'), 'PUBLIC', '300 W Main St', 'White Sulphur Springs', 'WV', '24986', 'Greenbrier', 'United States', '8004534858', 'http://www.greenbrier.com/site/golf.aspx', 5);;
INSERT INTO PUBLIC.FACILITY(ID, NAME, DESCRIPTION, TYPE, ADDRESS, CITY, STATE, ZIP, COUNTY, COUNTRY, PHONE, URI, PRICE_RANGE) VALUES(23, 'Grayhawk Golf Club', STRINGDECODE('Since opening in 1994, Grayhawk Golf Club has become one of Arizona\u2019s most celebrated daily-fee golf clubs, mostly because of Grayhawk\u2019s two exceptional 18-hole golf courses - Talon and Raptor.  Both have earned numerous awards and accolades over the years, and have hosted high-profile competitive events as well as P.G.A.Tour-sanctioned events.\r\n\r\nGrayhawk Golf Club is a paradise for those with a passion for the game.  Both golf courses offer unique challenges as they wind through some of the most spectacular Sonoran Desert on the planet. '), 'PUBLIC', '8620 E Thompson Peak Pkwy', 'Scottsdale', 'AZ', '85255', 'Maricopa', 'United States', '4805021800', 'http://www.grayhawkgolf.com', 5);;
INSERT INTO PUBLIC.FACILITY(ID, NAME, DESCRIPTION, TYPE, ADDRESS, CITY, STATE, ZIP, COUNTY, COUNTRY, PHONE, URI, PRICE_RANGE) VALUES(24, 'Argyle Country Club', 'Argyle Country Club is a friendly, comfortable club where people can relax and unwind with their families, friends and guests in a setting of quiet beauty.  Established in 1945, Argyle offers its members outstanding golf, tennis, swimming, and excellent food and beverage service in the Club''s newly expanded and renovated 25,000 square foot clubhouse.  The clubhouse expansion and renovation culminates an extensive capital improvements program which places Argyle among the finest country clubs in the greater Washington-Baltimore area.', 'PRIVATE', '14600 Argyle Club Rd', 'Silver Spring', 'MD', '20906', 'Montgomery', 'United States', '3015985500', 'http://www.argylecc.net', 3);;
INSERT INTO PUBLIC.FACILITY(ID, NAME, DESCRIPTION, TYPE, ADDRESS, CITY, STATE, ZIP, COUNTY, COUNTRY, PHONE, URI, PRICE_RANGE) VALUES(25, 'Hampshire Greens', 'Hampshire Greens is one of nine golf courses owned or leased and operated by Montgomery County Golf (MCG). MCG is a division of the Montgomery County Revenue Authority, a public corporation. ', 'PUBLIC', '616 Firestone Dr', 'Silver Spring', 'MD', '20905', 'Montgomery', 'United States', '3014767999', 'http://www.montgomerycountygolf.com', 2);;
INSERT INTO PUBLIC.FACILITY(ID, NAME, DESCRIPTION, TYPE, ADDRESS, CITY, STATE, ZIP, COUNTY, COUNTRY, PHONE, URI, PRICE_RANGE) VALUES(26, 'Reston National Golf Course', '', 'PUBLIC', '11875 Sunrise Valley Dr', 'Reston', 'VA', '20191', 'Fairfax', 'United States', '7036209333', 'http://restonnationalgc.com', 2);;
INSERT INTO PUBLIC.COURSE(ID, DESCRIPTION, DESIGNER, FAIRWAYS, GREENS, NAME, YEAR_BUILT, FACILITY_ID) VALUES(27, STRINGDECODE('Grayhawk\u2019s Talon Course is one of the most exciting and dramatic tests of golf in the Southwest. It is also one of the highest rated daily-fee golf courses in Arizona. Golf magazine selected the Talon 47th among the \"Top 100 Courses You Can Play in their U.S.\" for 1998.\r\n\r\nThe Talon Course features elevated greens that are extremely large and undulating, and water hazards come into play on two holes. This course offers a myriad of panoramic views encompassing the McDowell Mountains and the Phoenix Valley.'), 'Graham & Panks International', 'BERMUDA', 'BENT', 'Talon Course', 1994, 23);;
INSERT INTO PUBLIC.COURSE(ID, DESCRIPTION, DESIGNER, FAIRWAYS, GREENS, NAME, YEAR_BUILT, FACILITY_ID) VALUES(11, 'The 18-hole golf course at the Hawktree Golf Club facility was designed to integrate seamlessly into its natural surroundings. The layout features plenty of elevation change, as well as a creek coming into play several times. Deep, black sand bunkers and contoured fairways add a challenge. The ample greens are all well undulated, yet very playable. This course is one of the most outstanding in the area and is sure to please even the most discriminating golfer.', 'Jim Engh', 'BLUEGRASS', 'BENT', 'Hawktree Golf Course', 2000, 8);;
INSERT INTO PUBLIC.COURSE(ID, DESCRIPTION, DESIGNER, FAIRWAYS, GREENS, NAME, YEAR_BUILT, FACILITY_ID) VALUES(12, 'Lakota Canyon provides a rare opportunity to enjoy amazing golf at the doorway of some of Colorado''s most breathtaking mountain vistas.', 'James Engh', 'UNKNOWN', 'UNKNOWN', 'Lakota Canyon Ranch Golf Course', 2004, 9);;
INSERT INTO PUBLIC.COURSE(ID, DESCRIPTION, DESIGNER, FAIRWAYS, GREENS, NAME, YEAR_BUILT, FACILITY_ID, SIGNATURE_HOLE) VALUES(13, STRINGDECODE('Old Works is the first golf course ever built on a Federal EPA Superfund site. Like a Phoenix rising from the ashes, this Jack Nicklaus Signature Golf Course has been reborn on the site of Anaconda''s historic century old copper smelter. To preserve its ancestry, Nicklaus incorporated many historic relics in the design.'), 'Jack Nicklaus', 'FESCUE', 'BENT', 'Old Works Golf Course', 1997, 10, 4);;
INSERT INTO PUBLIC.COURSE(ID, DESCRIPTION, DESIGNER, FAIRWAYS, GREENS, NAME, YEAR_BUILT, FACILITY_ID) VALUES(23, STRINGDECODE('Aldeen is rated 4-stars by Golf Digest \"Places to Play,\" listed as one of the Top-30 new public courses built in 1991, and named one of the \"Top-50 courses in the USA under $50\" by GOLF Magazine in September 2004. A story in the Chicago District Golf Association Magazine named Aldeen one of the CDGA''s toughest 25 public golf courses, called \"Chicago Bears.\"'), 'Dick Nugent', 'BENT', 'BENT', 'Aldeen Golf Course', 1992, 19);;
INSERT INTO PUBLIC.COURSE(ID, DESCRIPTION, DESIGNER, FAIRWAYS, GREENS, NAME, YEAR_BUILT, FACILITY_ID) VALUES(28, STRINGDECODE('This hilly course has small greens that are well bunkered and sloped.\r\n\r\nThe club has hosted numerous championships and has served as a qualifying site for the U.S. Open.'), 'Percy LeDuc', 'BENT', 'BENT', 'Argyle Country Club Golf Course', 1946, 24);;
INSERT INTO PUBLIC.COURSE(ID, DESCRIPTION, DESIGNER, FAIRWAYS, GREENS, NAME, YEAR_BUILT, FACILITY_ID) VALUES(14, 'This eighteen hole course features a front nine that is open and a back nine that is cut through a wooded area. The condition of the course is such that it is very true, and is designed to play hard and fast. The greens are above average in size and have good undulation. The layout provides a true test of a golfer''s ability, however, it is not so demanding that golfers leave the course frustrated.', 'Tom Doak, Bruce Hepner', 'BENT', 'BENT', 'Beechtree Golf Course', 1998, 11);;
INSERT INTO PUBLIC.COURSE(ID, DESCRIPTION, DESIGNER, FAIRWAYS, GREENS, NAME, YEAR_BUILT, FACILITY_ID) VALUES(10, 'The Legend at Giants Ridge is famous for all the right reasons; bentgrass fairways, white sand bunkers, sparkling blue lakes, giant boulders and towering trees make-up this spectacular course. The Legend has left its footprint on the very nature of the game garnering a prestigious 4.5 star rating (two years in a row) from Golf Digest and has been named Minnesota''s #1 Public Golf Course. This caliber of play has to be experienced to be believed.', 'Jeff Brauer & Lanny Wadkins', 'BENT', 'BENT', 'The Legend', 1997, 7);;
INSERT INTO PUBLIC.COURSE(ID, DESCRIPTION, DESIGNER, FAIRWAYS, GREENS, NAME, YEAR_BUILT, FACILITY_ID) VALUES(22, STRINGDECODE('This will be a course that reveres and respects the traditions of the game, while producing a great experience for the golfer. It will be traditional in all its trappings- a clear reflection of the proud heritage of tradition.\r\n\r\nRanked 3rd in the State of Alabama by Golfweek Magazine.'), 'Gil Hanse', 'BERMUDA', 'BENT', 'Capstone Club of Alabama Golf Course', 2001, 18);;
INSERT INTO PUBLIC.COURSE(ID, DESCRIPTION, DESIGNER, FAIRWAYS, GREENS, NAME, YEAR_BUILT, FACILITY_ID) VALUES(15, 'Cut out of Virginia pine forest, this parkland style course emphasizes strategy, not length.', 'Rees Jones', 'BERMUDA', 'BENT', 'Hell''s Point Golf Course', 1982, 12);;
INSERT INTO PUBLIC.COURSE(ID, DESCRIPTION, DESIGNER, FAIRWAYS, GREENS, NAME, YEAR_BUILT, FACILITY_ID) VALUES(1, 'As you play Willow Springs you will notice the Scottish feel to the course with mounding, deep greenside bunkering, and our *love grass* surrounding nearly every hole. In designing the course, architect Al Janis wanted a course that would be both visually appealing and provide a challenge to all levels of golfer.', 'Allen Janis', 'BLUEGRASS', 'BENT', 'Willow Springs Golf Course', 1991, 1);;
INSERT INTO PUBLIC.COURSE(ID, DESCRIPTION, DESIGNER, FAIRWAYS, GREENS, NAME, YEAR_BUILT, FACILITY_ID) VALUES(2, 'Voted one of the "Top 100 Golf Courses" in the Mid-Atlantic by Golfstyles magazine, the Timbers at Troy is your home course providing a breathtaking backdrop of the best countryside in Maryland. Undulating fairways, mature trees and meandering streams create a memorable golf experience that will challenge golfers at every level.', 'Ken Killian', 'BENT', 'BENT', 'Timbers at Troy, The', 1996, 2);;
INSERT INTO PUBLIC.COURSE(ID, DESCRIPTION, DESIGNER, FAIRWAYS, GREENS, NAME, YEAR_BUILT, FACILITY_ID) VALUES(6, STRINGDECODE('*Golf''s Grand Slam Experience!*\r\n\r\nRenditions features replicas of holes from major championship venues, all located in a quiet and serene corner of Anne Arundel County, just minutes away from the Capital Beltway and Annapolis. With the Patuxent River flowing nearby, the setting is perfect for a unique, grand slam golf experience.'), 'Dave Edsall', 'BENT', 'BENT', 'Renditions Golf Course', 2002, 3);;
INSERT INTO PUBLIC.COURSE(ID, DESCRIPTION, DESIGNER, FAIRWAYS, GREENS, NAME, YEAR_BUILT, FACILITY_ID) VALUES(7, 'There are eight lakes and fourteen environmentally protected areas scattered throughout the course. The course is cut through a hardwood forest with fourteen bridges over the water and valleys. Wildlife is abundant on the course, with bald eagles flying overhead from time to time.', 'Brian Ault', 'BENT', 'BENT', 'South River Golf Links', 1996, 4);;
INSERT INTO PUBLIC.COURSE(ID, DESCRIPTION, DESIGNER, FAIRWAYS, GREENS, NAME, YEAR_BUILT, FACILITY_ID) VALUES(8, 'Over the years, honors have been showered on these courses. For example, this year, Golf Digest awarded 4.5 stars to Pine Needles and Golfweek named the course to its list of America''s Best Top 100 Classic Courses. Meanwhile, Mid Pines was awarded 4 stars by Golf Digest and was named No. 4 in America''s Best State-by-State Public Access Courses by GolfWeek.', 'John Fought', 'BERMUDA', 'BENT', 'Pine Needles Resort & Golf Club', 1927, 5);;
INSERT INTO PUBLIC.COURSE(ID, DESCRIPTION, DESIGNER, FAIRWAYS, GREENS, NAME, YEAR_BUILT, FACILITY_ID) VALUES(29, 'Hampshire Greens opened in June of 1999 as the premiere course in the MCG family. This links style course is fair, yet challenging, from all four sets of tees. It approaches 6,900 yards from the tips and is just over 5,000 yards from the forward tees. There are many bunkers throughout the course and the greens are moderate in speed.', 'Lisa Maki', 'BENT', 'BENT', 'Hampshire Greens', 1999, 25);;
INSERT INTO PUBLIC.COURSE(ID, DESCRIPTION, DESIGNER, FAIRWAYS, GREENS, NAME, YEAR_BUILT, FACILITY_ID) VALUES(30, STRINGDECODE('Reston National is among Northern Virginia''s favorite classic golf courses. Reston National is a great place to learn, practice, and play golf.\r\n\r\nHole #6 can play at 148 for the black tees and 115 for the silver tees.\r\n\r\n*Handicap Chart*\r\n\r\n<table>\r\n<tr><th>Tee Set</th><th>Men</th><th>Ladies</th></tr>\r\n<tr><td>Gold</td><td>0 - 9</td><td>0</td></tr>\r\n<tr><td>Black</td><td>10 - 25</td><td>1-9</td></tr>\r\n<tr><td>Silver</td><td>25+</td><td>10+</td></tr>\r\n</table>'), 'Ed Ault', 'BLUEGRASS', 'BENT', 'Reston National Golf Course', 1969, 26);;
INSERT INTO PUBLIC.COURSE(ID, DESCRIPTION, DESIGNER, FAIRWAYS, GREENS, NAME, YEAR_BUILT, FACILITY_ID) VALUES(19, 'This course is located in the Lake Lanier Islands Resort. This course is in a natural setting and water comes into play on six holes. There are many trees and flowers adding to the scenic beauty of the terrain. Deer are often visible throughout the course.', 'Gary Player', 'BERMUDA', 'BENT', 'Renaissance PineIsle Resort', 1985, 15);;
INSERT INTO PUBLIC.COURSE(ID, DESCRIPTION, DESIGNER, FAIRWAYS, GREENS, NAME, YEAR_BUILT, FACILITY_ID) VALUES(20, STRINGDECODE('This is a links-style course where the wind plays a major factor, so be prepared to use every club in your bag. One of the course''s best assets is the quality of the putting surfaces. The greens are considered the finest on the East Coast by the club''s personnel. The fairways are wide open, and water hazards come into play on twelve holes.\r\nSister course to The Carolina Club.'), 'Russell Breeden', 'BERMUDA', 'BENT', 'Pointe Golf Club, The', 1995, 16);;
INSERT INTO PUBLIC.COURSE(ID, DESCRIPTION, DESIGNER, FAIRWAYS, GREENS, NAME, YEAR_BUILT, FACILITY_ID) VALUES(21, STRINGDECODE('Golf Digest - Top 5 Courses in Utah - 2002\r\nGolf Week Magazine - 4th Best Public Access Course - 2002, 1994\r\nGolf Digest 4-Star Award Winner - 2002, 1996\r\nGolf Digest - Top 25 Super Values - 2000, 1994\r\nGolf Digest - Places to Play in US - 1998\r\nSalt Lake Tribune Reader Poll - #1 Public Course in Utah - 1999\r\nGolf Digest - Top 5 Courses in Utah - 2002\r\n\t \r\n\r\n'), 'Bill Hall', 'RYE', 'BENT', 'Valley View Golf Course', 1974, 17);;
INSERT INTO PUBLIC.COURSE(ID, DESCRIPTION, DESIGNER, FAIRWAYS, GREENS, NAME, YEAR_BUILT, FACILITY_ID) VALUES(24, STRINGDECODE('\"With a little bit of everything-ocean, valleys, mountains- the breathtaking Kauai course offers\r\nsurprises on each hole courtesy of its dramatic routing around jungle, ravines, and streams\"\r\n-Zagat''s America''s Top Golf Courses, 2007-2008\r\n\r\nPuakea Golf Course began life as a 10 hole course--thanks to Hurricane Iniki. '), 'Robin Nelson', 'BERMUDA', 'BERMUDA', 'Puakea Golf Course', 2003, 20);;
INSERT INTO PUBLIC.COURSE(ID, DESCRIPTION, DESIGNER, FAIRWAYS, GREENS, NAME, YEAR_BUILT, FACILITY_ID) VALUES(16, STRINGDECODE('Best Private Golf Course in the desert by The Desert Sun in the April 2007 Desert Magazine.\r\n\r\nHost of the LPGA''s Kraft-Nabisco Championship Tournament.'), 'Desmond Muirhead', 'BERMUDA', 'BERMUDA', 'Dinah Shore Tournament Course', 1970, 13);;
INSERT INTO PUBLIC.COURSE(ID, DESCRIPTION, DESIGNER, FAIRWAYS, GREENS, NAME, YEAR_BUILT, FACILITY_ID) VALUES(26, STRINGDECODE('Originally constructed in 1924 by Seth Raynor. Redesigned in 1977 by Jack Nicklaus.\r\n\r\nIt is the only resort golf course in the world to be the site of both professional international cup matches: the Ryder Cup Matches (1979) and the Solheim Cup Matches (1994).'), 'Seth Raynor, Jack Nicklaus', 'BERMUDA', 'BENT', 'The Greenbrier Course', 1924, 22);;
INSERT INTO PUBLIC.COURSE(ID, DESCRIPTION, DESIGNER, FAIRWAYS, GREENS, NAME, YEAR_BUILT, FACILITY_ID) VALUES(18, STRINGDECODE('The Weiskopf/Morrish Course features water hazards coming into play on eight holes. The fairways are tight and tree lined, and the greens vary between large and small.\r\n\r\nThe club hosted the Nike Tour''s Cleveland Open in 1994.'), 'Tom Weiskopf & Jay Morrish', 'BENT', 'BENT', 'Weiskopf/Morrish', 1996, 14);;
INSERT INTO PUBLIC.COURSE(ID, DESCRIPTION, DESIGNER, FAIRWAYS, GREENS, NAME, YEAR_BUILT, FACILITY_ID) VALUES(25, 'The Creek Course is the longest course in the state of Alaska, and boasts the longest hole in the state as well - the 640-yard par 5 #11. This rugged course plays through land formerly used for rock quarries, and views of the Chugach mountain range abound from every hole.', 'Robin Nelson', 'BLUEGRASS', 'BENT', 'The Creek Course', 2000, 21);;
INSERT INTO PUBLIC.COURSE(ID, DESCRIPTION, DESIGNER, FAIRWAYS, GREENS, NAME, YEAR_BUILT, FACILITY_ID) VALUES(9, 'This scenic course features water hazards coming into play on seven holes. There are a number of sand bunkers incorporated into the course design, but the fairways are wide open. The greens are exceptionally large and fast, so three putts are frequent occurrences.', 'Jim Blaukovitch', 'RYE', 'BENT', 'Whitetail Golf Course', 1993, 6);;
INSERT INTO PUBLIC.HOLE(ID, NUMBER, M_PAR, M_HANDICAP, L_PAR, L_HANDICAP, COURSE_ID) VALUES(1, 1, 4, NULL, 4, NULL, 1);;
INSERT INTO PUBLIC.HOLE(ID, NUMBER, M_PAR, M_HANDICAP, L_PAR, L_HANDICAP, COURSE_ID) VALUES(2, 2, 3, NULL, 3, NULL, 1);;
INSERT INTO PUBLIC.HOLE(ID, NUMBER, M_PAR, M_HANDICAP, L_PAR, L_HANDICAP, COURSE_ID) VALUES(3, 3, 4, NULL, 4, NULL, 1);;
INSERT INTO PUBLIC.HOLE(ID, NUMBER, M_PAR, M_HANDICAP, L_PAR, L_HANDICAP, COURSE_ID) VALUES(4, 4, 4, NULL, 4, NULL, 1);;
INSERT INTO PUBLIC.HOLE(ID, NUMBER, M_PAR, M_HANDICAP, L_PAR, L_HANDICAP, COURSE_ID) VALUES(5, 5, 4, NULL, 4, NULL, 1);;
INSERT INTO PUBLIC.HOLE(ID, NUMBER, M_PAR, M_HANDICAP, L_PAR, L_HANDICAP, COURSE_ID) VALUES(6, 6, 3, NULL, 3, NULL, 1);;
INSERT INTO PUBLIC.HOLE(ID, NUMBER, M_PAR, M_HANDICAP, L_PAR, L_HANDICAP, COURSE_ID) VALUES(7, 7, 3, NULL, 3, NULL, 1);;
INSERT INTO PUBLIC.HOLE(ID, NUMBER, M_PAR, M_HANDICAP, L_PAR, L_HANDICAP, COURSE_ID) VALUES(8, 8, 3, NULL, 3, NULL, 1);;
INSERT INTO PUBLIC.HOLE(ID, NUMBER, M_PAR, M_HANDICAP, L_PAR, L_HANDICAP, COURSE_ID) VALUES(9, 9, 3, NULL, 3, NULL, 1);;
INSERT INTO PUBLIC.HOLE(ID, NUMBER, M_PAR, M_HANDICAP, L_PAR, L_HANDICAP, COURSE_ID) VALUES(10, 10, 3, NULL, 3, NULL, 1);;
INSERT INTO PUBLIC.HOLE(ID, NUMBER, M_PAR, M_HANDICAP, L_PAR, L_HANDICAP, COURSE_ID) VALUES(11, 11, 3, NULL, 3, NULL, 1);;
INSERT INTO PUBLIC.HOLE(ID, NUMBER, M_PAR, M_HANDICAP, L_PAR, L_HANDICAP, COURSE_ID) VALUES(12, 12, 3, NULL, 3, NULL, 1);;
INSERT INTO PUBLIC.HOLE(ID, NUMBER, M_PAR, M_HANDICAP, L_PAR, L_HANDICAP, COURSE_ID) VALUES(13, 13, 4, NULL, 4, NULL, 1);;
INSERT INTO PUBLIC.HOLE(ID, NUMBER, M_PAR, M_HANDICAP, L_PAR, L_HANDICAP, COURSE_ID) VALUES(14, 14, 4, NULL, 4, NULL, 1);;
INSERT INTO PUBLIC.HOLE(ID, NUMBER, M_PAR, M_HANDICAP, L_PAR, L_HANDICAP, COURSE_ID) VALUES(15, 15, 3, NULL, 3, NULL, 1);;
INSERT INTO PUBLIC.HOLE(ID, NUMBER, M_PAR, M_HANDICAP, L_PAR, L_HANDICAP, COURSE_ID) VALUES(16, 16, 3, NULL, 3, NULL, 1);;
INSERT INTO PUBLIC.HOLE(ID, NUMBER, M_PAR, M_HANDICAP, L_PAR, L_HANDICAP, COURSE_ID) VALUES(17, 17, 4, NULL, 4, NULL, 1);;
INSERT INTO PUBLIC.HOLE(ID, NUMBER, M_PAR, M_HANDICAP, L_PAR, L_HANDICAP, COURSE_ID) VALUES(18, 18, 4, NULL, 4, NULL, 1);;
INSERT INTO PUBLIC.HOLE(ID, NUMBER, M_PAR, M_HANDICAP, L_PAR, L_HANDICAP, COURSE_ID) VALUES(55, 1, 4, 7, 4, 7, 6);;
INSERT INTO PUBLIC.HOLE(ID, NUMBER, M_PAR, M_HANDICAP, L_PAR, L_HANDICAP, COURSE_ID) VALUES(56, 2, 3, 17, 3, 17, 6);;
INSERT INTO PUBLIC.HOLE(ID, NUMBER, M_PAR, M_HANDICAP, L_PAR, L_HANDICAP, COURSE_ID) VALUES(57, 3, 4, 15, 4, 15, 6);;
INSERT INTO PUBLIC.HOLE(ID, NUMBER, M_PAR, M_HANDICAP, L_PAR, L_HANDICAP, COURSE_ID) VALUES(58, 4, 4, 9, 4, 9, 6);;
INSERT INTO PUBLIC.HOLE(ID, NUMBER, M_PAR, M_HANDICAP, L_PAR, L_HANDICAP, COURSE_ID) VALUES(59, 5, 5, 1, 5, 1, 6);;
INSERT INTO PUBLIC.HOLE(ID, NUMBER, M_PAR, M_HANDICAP, L_PAR, L_HANDICAP, COURSE_ID) VALUES(60, 6, 4, 3, 4, 3, 6);;
INSERT INTO PUBLIC.HOLE(ID, NUMBER, M_PAR, M_HANDICAP, L_PAR, L_HANDICAP, COURSE_ID) VALUES(61, 7, 3, 13, 3, 13, 6);;
INSERT INTO PUBLIC.HOLE(ID, NUMBER, M_PAR, M_HANDICAP, L_PAR, L_HANDICAP, COURSE_ID) VALUES(62, 8, 5, 11, 5, 11, 6);;
INSERT INTO PUBLIC.HOLE(ID, NUMBER, M_PAR, M_HANDICAP, L_PAR, L_HANDICAP, COURSE_ID) VALUES(63, 9, 4, 5, 4, 5, 6);;
INSERT INTO PUBLIC.HOLE(ID, NUMBER, M_PAR, M_HANDICAP, L_PAR, L_HANDICAP, COURSE_ID) VALUES(64, 10, 4, 6, 4, 6, 6);;
INSERT INTO PUBLIC.HOLE(ID, NUMBER, M_PAR, M_HANDICAP, L_PAR, L_HANDICAP, COURSE_ID) VALUES(65, 11, 4, 2, 4, 2, 6);;
INSERT INTO PUBLIC.HOLE(ID, NUMBER, M_PAR, M_HANDICAP, L_PAR, L_HANDICAP, COURSE_ID) VALUES(66, 12, 5, 4, 5, 4, 6);;
INSERT INTO PUBLIC.HOLE(ID, NUMBER, M_PAR, M_HANDICAP, L_PAR, L_HANDICAP, COURSE_ID) VALUES(67, 13, 3, 16, 3, 16, 6);;
INSERT INTO PUBLIC.HOLE(ID, NUMBER, M_PAR, M_HANDICAP, L_PAR, L_HANDICAP, COURSE_ID) VALUES(68, 14, 4, 14, 4, 14, 6);;
INSERT INTO PUBLIC.HOLE(ID, NUMBER, M_PAR, M_HANDICAP, L_PAR, L_HANDICAP, COURSE_ID) VALUES(69, 15, 4, 8, 4, 8, 6);;
INSERT INTO PUBLIC.HOLE(ID, NUMBER, M_PAR, M_HANDICAP, L_PAR, L_HANDICAP, COURSE_ID) VALUES(70, 16, 5, 10, 5, 10, 6);;
INSERT INTO PUBLIC.HOLE(ID, NUMBER, M_PAR, M_HANDICAP, L_PAR, L_HANDICAP, COURSE_ID) VALUES(71, 17, 3, 18, 3, 18, 6);;
INSERT INTO PUBLIC.HOLE(ID, NUMBER, M_PAR, M_HANDICAP, L_PAR, L_HANDICAP, COURSE_ID) VALUES(72, 18, 4, 12, 4, 12, 6);;
INSERT INTO PUBLIC.HOLE(ID, NUMBER, M_PAR, M_HANDICAP, L_PAR, L_HANDICAP, COURSE_ID) VALUES(73, 1, 4, NULL, 4, NULL, 7);;
INSERT INTO PUBLIC.HOLE(ID, NUMBER, M_PAR, M_HANDICAP, L_PAR, L_HANDICAP, COURSE_ID) VALUES(74, 2, 4, NULL, 4, NULL, 7);;
INSERT INTO PUBLIC.HOLE(ID, NUMBER, M_PAR, M_HANDICAP, L_PAR, L_HANDICAP, COURSE_ID) VALUES(75, 3, 4, NULL, 4, NULL, 7);;
INSERT INTO PUBLIC.HOLE(ID, NUMBER, M_PAR, M_HANDICAP, L_PAR, L_HANDICAP, COURSE_ID) VALUES(76, 4, 5, NULL, 5, NULL, 7);;
INSERT INTO PUBLIC.HOLE(ID, NUMBER, M_PAR, M_HANDICAP, L_PAR, L_HANDICAP, COURSE_ID) VALUES(77, 5, 3, NULL, 3, NULL, 7);;
INSERT INTO PUBLIC.HOLE(ID, NUMBER, M_PAR, M_HANDICAP, L_PAR, L_HANDICAP, COURSE_ID) VALUES(78, 6, 4, NULL, 4, NULL, 7);;
INSERT INTO PUBLIC.HOLE(ID, NUMBER, M_PAR, M_HANDICAP, L_PAR, L_HANDICAP, COURSE_ID) VALUES(79, 7, 3, NULL, 3, NULL, 7);;
INSERT INTO PUBLIC.HOLE(ID, NUMBER, M_PAR, M_HANDICAP, L_PAR, L_HANDICAP, COURSE_ID) VALUES(80, 8, 5, NULL, 5, NULL, 7);;
INSERT INTO PUBLIC.HOLE(ID, NUMBER, M_PAR, M_HANDICAP, L_PAR, L_HANDICAP, COURSE_ID) VALUES(81, 9, 4, NULL, 4, NULL, 7);;
INSERT INTO PUBLIC.HOLE(ID, NUMBER, M_PAR, M_HANDICAP, L_PAR, L_HANDICAP, COURSE_ID) VALUES(82, 10, 4, NULL, 4, NULL, 7);;
INSERT INTO PUBLIC.HOLE(ID, NUMBER, M_PAR, M_HANDICAP, L_PAR, L_HANDICAP, COURSE_ID) VALUES(83, 11, 4, NULL, 4, NULL, 7);;
INSERT INTO PUBLIC.HOLE(ID, NUMBER, M_PAR, M_HANDICAP, L_PAR, L_HANDICAP, COURSE_ID) VALUES(84, 12, 3, NULL, 3, NULL, 7);;
INSERT INTO PUBLIC.HOLE(ID, NUMBER, M_PAR, M_HANDICAP, L_PAR, L_HANDICAP, COURSE_ID) VALUES(85, 13, 5, NULL, 5, NULL, 7);;
INSERT INTO PUBLIC.HOLE(ID, NUMBER, M_PAR, M_HANDICAP, L_PAR, L_HANDICAP, COURSE_ID) VALUES(86, 14, 4, NULL, 4, NULL, 7);;
INSERT INTO PUBLIC.HOLE(ID, NUMBER, M_PAR, M_HANDICAP, L_PAR, L_HANDICAP, COURSE_ID) VALUES(87, 15, 3, NULL, 3, NULL, 7);;
INSERT INTO PUBLIC.HOLE(ID, NUMBER, M_PAR, M_HANDICAP, L_PAR, L_HANDICAP, COURSE_ID) VALUES(88, 16, 5, NULL, 5, NULL, 7);;
INSERT INTO PUBLIC.HOLE(ID, NUMBER, M_PAR, M_HANDICAP, L_PAR, L_HANDICAP, COURSE_ID) VALUES(89, 17, 3, NULL, 3, NULL, 7);;
INSERT INTO PUBLIC.HOLE(ID, NUMBER, M_PAR, M_HANDICAP, L_PAR, L_HANDICAP, COURSE_ID) VALUES(90, 18, 5, NULL, 5, NULL, 7);;
INSERT INTO PUBLIC.HOLE(ID, NUMBER, M_PAR, M_HANDICAP, L_PAR, L_HANDICAP, COURSE_ID) VALUES(91, 1, 5, 11, 5, 11, 8);;
INSERT INTO PUBLIC.HOLE(ID, NUMBER, M_PAR, M_HANDICAP, L_PAR, L_HANDICAP, COURSE_ID) VALUES(92, 2, 4, 5, 4, 5, 8);;
INSERT INTO PUBLIC.HOLE(ID, NUMBER, M_PAR, M_HANDICAP, L_PAR, L_HANDICAP, COURSE_ID) VALUES(93, 3, 3, 17, 3, 17, 8);;
INSERT INTO PUBLIC.HOLE(ID, NUMBER, M_PAR, M_HANDICAP, L_PAR, L_HANDICAP, COURSE_ID) VALUES(94, 4, 4, 9, 4, 9, 8);;
INSERT INTO PUBLIC.HOLE(ID, NUMBER, M_PAR, M_HANDICAP, L_PAR, L_HANDICAP, COURSE_ID) VALUES(95, 5, 3, 7, 3, 7, 8);;
INSERT INTO PUBLIC.HOLE(ID, NUMBER, M_PAR, M_HANDICAP, L_PAR, L_HANDICAP, COURSE_ID) VALUES(96, 6, 4, 1, 4, 1, 8);;
INSERT INTO PUBLIC.HOLE(ID, NUMBER, M_PAR, M_HANDICAP, L_PAR, L_HANDICAP, COURSE_ID) VALUES(97, 7, 4, 3, 4, 3, 8);;
INSERT INTO PUBLIC.HOLE(ID, NUMBER, M_PAR, M_HANDICAP, L_PAR, L_HANDICAP, COURSE_ID) VALUES(98, 8, 4, 15, 4, 15, 8);;
INSERT INTO PUBLIC.HOLE(ID, NUMBER, M_PAR, M_HANDICAP, L_PAR, L_HANDICAP, COURSE_ID) VALUES(99, 9, 4, 13, 4, 13, 8);;
INSERT INTO PUBLIC.HOLE(ID, NUMBER, M_PAR, M_HANDICAP, L_PAR, L_HANDICAP, COURSE_ID) VALUES(100, 10, 5, 4, 5, 4, 8);;
INSERT INTO PUBLIC.HOLE(ID, NUMBER, M_PAR, M_HANDICAP, L_PAR, L_HANDICAP, COURSE_ID) VALUES(101, 11, 4, 12, 4, 12, 8);;
INSERT INTO PUBLIC.HOLE(ID, NUMBER, M_PAR, M_HANDICAP, L_PAR, L_HANDICAP, COURSE_ID) VALUES(102, 12, 4, 14, 4, 14, 8);;
INSERT INTO PUBLIC.HOLE(ID, NUMBER, M_PAR, M_HANDICAP, L_PAR, L_HANDICAP, COURSE_ID) VALUES(103, 13, 3, 16, 3, 16, 8);;
INSERT INTO PUBLIC.HOLE(ID, NUMBER, M_PAR, M_HANDICAP, L_PAR, L_HANDICAP, COURSE_ID) VALUES(104, 14, 4, 2, 4, 2, 8);;
INSERT INTO PUBLIC.HOLE(ID, NUMBER, M_PAR, M_HANDICAP, L_PAR, L_HANDICAP, COURSE_ID) VALUES(105, 15, 5, 6, 5, 6, 8);;
INSERT INTO PUBLIC.HOLE(ID, NUMBER, M_PAR, M_HANDICAP, L_PAR, L_HANDICAP, COURSE_ID) VALUES(106, 16, 3, 18, 3, 18, 8);;
INSERT INTO PUBLIC.HOLE(ID, NUMBER, M_PAR, M_HANDICAP, L_PAR, L_HANDICAP, COURSE_ID) VALUES(107, 17, 4, 8, 4, 8, 8);;
INSERT INTO PUBLIC.HOLE(ID, NUMBER, M_PAR, M_HANDICAP, L_PAR, L_HANDICAP, COURSE_ID) VALUES(108, 18, 4, 10, 4, 10, 8);;
INSERT INTO PUBLIC.HOLE(ID, NUMBER, M_PAR, M_HANDICAP, L_PAR, L_HANDICAP, COURSE_ID) VALUES(109, 1, 4, 11, 4, 11, 9);;
INSERT INTO PUBLIC.HOLE(ID, NUMBER, M_PAR, M_HANDICAP, L_PAR, L_HANDICAP, COURSE_ID) VALUES(110, 2, 4, 5, 4, 5, 9);;
INSERT INTO PUBLIC.HOLE(ID, NUMBER, M_PAR, M_HANDICAP, L_PAR, L_HANDICAP, COURSE_ID) VALUES(111, 3, 3, 15, 3, 15, 9);;
INSERT INTO PUBLIC.HOLE(ID, NUMBER, M_PAR, M_HANDICAP, L_PAR, L_HANDICAP, COURSE_ID) VALUES(112, 4, 4, 13, 4, 13, 9);;
INSERT INTO PUBLIC.HOLE(ID, NUMBER, M_PAR, M_HANDICAP, L_PAR, L_HANDICAP, COURSE_ID) VALUES(113, 5, 4, 9, 4, 9, 9);;
INSERT INTO PUBLIC.HOLE(ID, NUMBER, M_PAR, M_HANDICAP, L_PAR, L_HANDICAP, COURSE_ID) VALUES(114, 6, 3, 17, 3, 17, 9);;
INSERT INTO PUBLIC.HOLE(ID, NUMBER, M_PAR, M_HANDICAP, L_PAR, L_HANDICAP, COURSE_ID) VALUES(115, 7, 5, 3, 5, 3, 9);;
INSERT INTO PUBLIC.HOLE(ID, NUMBER, M_PAR, M_HANDICAP, L_PAR, L_HANDICAP, COURSE_ID) VALUES(116, 8, 4, 7, 4, 7, 9);;
INSERT INTO PUBLIC.HOLE(ID, NUMBER, M_PAR, M_HANDICAP, L_PAR, L_HANDICAP, COURSE_ID) VALUES(117, 9, 5, 1, 5, 1, 9);;
INSERT INTO PUBLIC.HOLE(ID, NUMBER, M_PAR, M_HANDICAP, L_PAR, L_HANDICAP, COURSE_ID) VALUES(118, 10, 4, 6, 4, 6, 9);;
INSERT INTO PUBLIC.HOLE(ID, NUMBER, M_PAR, M_HANDICAP, L_PAR, L_HANDICAP, COURSE_ID) VALUES(119, 11, 4, 14, 4, 14, 9);;
INSERT INTO PUBLIC.HOLE(ID, NUMBER, M_PAR, M_HANDICAP, L_PAR, L_HANDICAP, COURSE_ID) VALUES(120, 12, 3, 16, 3, 16, 9);;
INSERT INTO PUBLIC.HOLE(ID, NUMBER, M_PAR, M_HANDICAP, L_PAR, L_HANDICAP, COURSE_ID) VALUES(121, 13, 4, 12, 4, 12, 9);;
INSERT INTO PUBLIC.HOLE(ID, NUMBER, M_PAR, M_HANDICAP, L_PAR, L_HANDICAP, COURSE_ID) VALUES(122, 14, 3, 18, 3, 18, 9);;
INSERT INTO PUBLIC.HOLE(ID, NUMBER, M_PAR, M_HANDICAP, L_PAR, L_HANDICAP, COURSE_ID) VALUES(123, 15, 5, 2, 5, 2, 9);;
INSERT INTO PUBLIC.HOLE(ID, NUMBER, M_PAR, M_HANDICAP, L_PAR, L_HANDICAP, COURSE_ID) VALUES(124, 16, 4, 8, 4, 8, 9);;
INSERT INTO PUBLIC.HOLE(ID, NUMBER, M_PAR, M_HANDICAP, L_PAR, L_HANDICAP, COURSE_ID) VALUES(125, 17, 5, 4, 5, 4, 9);;
INSERT INTO PUBLIC.HOLE(ID, NUMBER, M_PAR, M_HANDICAP, L_PAR, L_HANDICAP, COURSE_ID) VALUES(126, 18, 4, 10, 4, 10, 9);;
INSERT INTO PUBLIC.HOLE(ID, NUMBER, M_PAR, M_HANDICAP, L_PAR, L_HANDICAP, COURSE_ID) VALUES(127, 1, 4, 13, 4, 13, 10);;
INSERT INTO PUBLIC.HOLE(ID, NUMBER, M_PAR, M_HANDICAP, L_PAR, L_HANDICAP, COURSE_ID) VALUES(128, 2, 3, 17, 3, 17, 10);;
INSERT INTO PUBLIC.HOLE(ID, NUMBER, M_PAR, M_HANDICAP, L_PAR, L_HANDICAP, COURSE_ID) VALUES(129, 3, 5, 9, 5, 9, 10);;
INSERT INTO PUBLIC.HOLE(ID, NUMBER, M_PAR, M_HANDICAP, L_PAR, L_HANDICAP, COURSE_ID) VALUES(130, 4, 4, 11, 4, 11, 10);;
INSERT INTO PUBLIC.HOLE(ID, NUMBER, M_PAR, M_HANDICAP, L_PAR, L_HANDICAP, COURSE_ID) VALUES(131, 5, 4, 5, 4, 5, 10);;
INSERT INTO PUBLIC.HOLE(ID, NUMBER, M_PAR, M_HANDICAP, L_PAR, L_HANDICAP, COURSE_ID) VALUES(132, 6, 3, 15, 3, 15, 10);;
INSERT INTO PUBLIC.HOLE(ID, NUMBER, M_PAR, M_HANDICAP, L_PAR, L_HANDICAP, COURSE_ID) VALUES(133, 7, 4, 7, 4, 7, 10);;
INSERT INTO PUBLIC.HOLE(ID, NUMBER, M_PAR, M_HANDICAP, L_PAR, L_HANDICAP, COURSE_ID) VALUES(134, 8, 4, 1, 4, 1, 10);;
INSERT INTO PUBLIC.HOLE(ID, NUMBER, M_PAR, M_HANDICAP, L_PAR, L_HANDICAP, COURSE_ID) VALUES(135, 9, 5, 3, 5, 3, 10);;
INSERT INTO PUBLIC.HOLE(ID, NUMBER, M_PAR, M_HANDICAP, L_PAR, L_HANDICAP, COURSE_ID) VALUES(136, 10, 4, 10, 4, 10, 10);;
INSERT INTO PUBLIC.HOLE(ID, NUMBER, M_PAR, M_HANDICAP, L_PAR, L_HANDICAP, COURSE_ID) VALUES(137, 11, 3, 18, 3, 18, 10);;
INSERT INTO PUBLIC.HOLE(ID, NUMBER, M_PAR, M_HANDICAP, L_PAR, L_HANDICAP, COURSE_ID) VALUES(138, 12, 4, 12, 4, 12, 10);;
INSERT INTO PUBLIC.HOLE(ID, NUMBER, M_PAR, M_HANDICAP, L_PAR, L_HANDICAP, COURSE_ID) VALUES(139, 13, 4, 14, 4, 14, 10);;
INSERT INTO PUBLIC.HOLE(ID, NUMBER, M_PAR, M_HANDICAP, L_PAR, L_HANDICAP, COURSE_ID) VALUES(140, 14, 5, 8, 5, 8, 10);;
INSERT INTO PUBLIC.HOLE(ID, NUMBER, M_PAR, M_HANDICAP, L_PAR, L_HANDICAP, COURSE_ID) VALUES(141, 15, 4, 2, 4, 2, 10);;
INSERT INTO PUBLIC.HOLE(ID, NUMBER, M_PAR, M_HANDICAP, L_PAR, L_HANDICAP, COURSE_ID) VALUES(142, 16, 5, 6, 5, 6, 10);;
INSERT INTO PUBLIC.HOLE(ID, NUMBER, M_PAR, M_HANDICAP, L_PAR, L_HANDICAP, COURSE_ID) VALUES(143, 17, 3, 4, 3, 4, 10);;
INSERT INTO PUBLIC.HOLE(ID, NUMBER, M_PAR, M_HANDICAP, L_PAR, L_HANDICAP, COURSE_ID) VALUES(144, 18, 4, 16, 4, 16, 10);;
INSERT INTO PUBLIC.HOLE(ID, NUMBER, M_PAR, M_HANDICAP, L_PAR, L_HANDICAP, COURSE_ID) VALUES(145, 1, 4, 11, 4, 11, 11);;
INSERT INTO PUBLIC.HOLE(ID, NUMBER, M_PAR, M_HANDICAP, L_PAR, L_HANDICAP, COURSE_ID) VALUES(146, 2, 4, 3, 4, 3, 11);;
INSERT INTO PUBLIC.HOLE(ID, NUMBER, M_PAR, M_HANDICAP, L_PAR, L_HANDICAP, COURSE_ID) VALUES(147, 3, 3, 17, 3, 17, 11);;
INSERT INTO PUBLIC.HOLE(ID, NUMBER, M_PAR, M_HANDICAP, L_PAR, L_HANDICAP, COURSE_ID) VALUES(148, 4, 4, 9, 4, 9, 11);;
INSERT INTO PUBLIC.HOLE(ID, NUMBER, M_PAR, M_HANDICAP, L_PAR, L_HANDICAP, COURSE_ID) VALUES(149, 5, 5, 1, 5, 1, 11);;
INSERT INTO PUBLIC.HOLE(ID, NUMBER, M_PAR, M_HANDICAP, L_PAR, L_HANDICAP, COURSE_ID) VALUES(150, 6, 4, 13, 4, 13, 11);;
INSERT INTO PUBLIC.HOLE(ID, NUMBER, M_PAR, M_HANDICAP, L_PAR, L_HANDICAP, COURSE_ID) VALUES(151, 7, 5, 7, 5, 7, 11);;
INSERT INTO PUBLIC.HOLE(ID, NUMBER, M_PAR, M_HANDICAP, L_PAR, L_HANDICAP, COURSE_ID) VALUES(152, 8, 3, 15, 3, 15, 11);;
INSERT INTO PUBLIC.HOLE(ID, NUMBER, M_PAR, M_HANDICAP, L_PAR, L_HANDICAP, COURSE_ID) VALUES(153, 9, 4, 5, 4, 5, 11);;
INSERT INTO PUBLIC.HOLE(ID, NUMBER, M_PAR, M_HANDICAP, L_PAR, L_HANDICAP, COURSE_ID) VALUES(154, 10, 5, 8, 5, 8, 11);;
INSERT INTO PUBLIC.HOLE(ID, NUMBER, M_PAR, M_HANDICAP, L_PAR, L_HANDICAP, COURSE_ID) VALUES(155, 11, 4, 14, 4, 14, 11);;
INSERT INTO PUBLIC.HOLE(ID, NUMBER, M_PAR, M_HANDICAP, L_PAR, L_HANDICAP, COURSE_ID) VALUES(156, 12, 4, 2, 4, 2, 11);;
INSERT INTO PUBLIC.HOLE(ID, NUMBER, M_PAR, M_HANDICAP, L_PAR, L_HANDICAP, COURSE_ID) VALUES(157, 13, 3, 12, 3, 12, 11);;
INSERT INTO PUBLIC.HOLE(ID, NUMBER, M_PAR, M_HANDICAP, L_PAR, L_HANDICAP, COURSE_ID) VALUES(158, 14, 5, 6, 5, 6, 11);;
INSERT INTO PUBLIC.HOLE(ID, NUMBER, M_PAR, M_HANDICAP, L_PAR, L_HANDICAP, COURSE_ID) VALUES(159, 15, 3, 18, 3, 18, 11);;
INSERT INTO PUBLIC.HOLE(ID, NUMBER, M_PAR, M_HANDICAP, L_PAR, L_HANDICAP, COURSE_ID) VALUES(160, 16, 4, 10, 4, 10, 11);;
INSERT INTO PUBLIC.HOLE(ID, NUMBER, M_PAR, M_HANDICAP, L_PAR, L_HANDICAP, COURSE_ID) VALUES(161, 17, 3, 16, 3, 16, 11);;
INSERT INTO PUBLIC.HOLE(ID, NUMBER, M_PAR, M_HANDICAP, L_PAR, L_HANDICAP, COURSE_ID) VALUES(162, 18, 5, 4, 5, 4, 11);;
INSERT INTO PUBLIC.HOLE(ID, NUMBER, M_PAR, M_HANDICAP, L_PAR, L_HANDICAP, COURSE_ID) VALUES(163, 1, 5, 6, 5, 4, 12);;
INSERT INTO PUBLIC.HOLE(ID, NUMBER, M_PAR, M_HANDICAP, L_PAR, L_HANDICAP, COURSE_ID) VALUES(164, 2, 4, 10, 4, 8, 12);;
INSERT INTO PUBLIC.HOLE(ID, NUMBER, M_PAR, M_HANDICAP, L_PAR, L_HANDICAP, COURSE_ID) VALUES(165, 3, 3, 18, 3, 14, 12);;
INSERT INTO PUBLIC.HOLE(ID, NUMBER, M_PAR, M_HANDICAP, L_PAR, L_HANDICAP, COURSE_ID) VALUES(166, 4, 5, 2, 5, 2, 12);;
INSERT INTO PUBLIC.HOLE(ID, NUMBER, M_PAR, M_HANDICAP, L_PAR, L_HANDICAP, COURSE_ID) VALUES(167, 5, 5, 4, 5, 6, 12);;
INSERT INTO PUBLIC.HOLE(ID, NUMBER, M_PAR, M_HANDICAP, L_PAR, L_HANDICAP, COURSE_ID) VALUES(168, 6, 4, 14, 4, 12, 12);;
INSERT INTO PUBLIC.HOLE(ID, NUMBER, M_PAR, M_HANDICAP, L_PAR, L_HANDICAP, COURSE_ID) VALUES(169, 7, 3, 16, 3, 18, 12);;
INSERT INTO PUBLIC.HOLE(ID, NUMBER, M_PAR, M_HANDICAP, L_PAR, L_HANDICAP, COURSE_ID) VALUES(170, 8, 4, 8, 4, 10, 12);;
INSERT INTO PUBLIC.HOLE(ID, NUMBER, M_PAR, M_HANDICAP, L_PAR, L_HANDICAP, COURSE_ID) VALUES(171, 9, 3, 12, 3, 16, 12);;
INSERT INTO PUBLIC.HOLE(ID, NUMBER, M_PAR, M_HANDICAP, L_PAR, L_HANDICAP, COURSE_ID) VALUES(172, 10, 4, 11, 4, 13, 12);;
INSERT INTO PUBLIC.HOLE(ID, NUMBER, M_PAR, M_HANDICAP, L_PAR, L_HANDICAP, COURSE_ID) VALUES(173, 11, 5, 5, 5, 5, 12);;
INSERT INTO PUBLIC.HOLE(ID, NUMBER, M_PAR, M_HANDICAP, L_PAR, L_HANDICAP, COURSE_ID) VALUES(174, 12, 4, 7, 4, 7, 12);;
INSERT INTO PUBLIC.HOLE(ID, NUMBER, M_PAR, M_HANDICAP, L_PAR, L_HANDICAP, COURSE_ID) VALUES(175, 13, 4, 9, 4, 9, 12);;
INSERT INTO PUBLIC.HOLE(ID, NUMBER, M_PAR, M_HANDICAP, L_PAR, L_HANDICAP, COURSE_ID) VALUES(176, 14, 4, 13, 4, 15, 12);;
INSERT INTO PUBLIC.HOLE(ID, NUMBER, M_PAR, M_HANDICAP, L_PAR, L_HANDICAP, COURSE_ID) VALUES(177, 15, 3, 15, 3, 11, 12);;
INSERT INTO PUBLIC.HOLE(ID, NUMBER, M_PAR, M_HANDICAP, L_PAR, L_HANDICAP, COURSE_ID) VALUES(178, 16, 4, 1, 4, 3, 12);;
INSERT INTO PUBLIC.HOLE(ID, NUMBER, M_PAR, M_HANDICAP, L_PAR, L_HANDICAP, COURSE_ID) VALUES(179, 17, 3, 17, 3, 17, 12);;
INSERT INTO PUBLIC.HOLE(ID, NUMBER, M_PAR, M_HANDICAP, L_PAR, L_HANDICAP, COURSE_ID) VALUES(180, 18, 5, 3, 6, 1, 12);;
INSERT INTO PUBLIC.HOLE(ID, NUMBER, M_PAR, M_HANDICAP, L_PAR, L_HANDICAP, COURSE_ID) VALUES(181, 1, 4, 7, 4, 7, 13);;
INSERT INTO PUBLIC.HOLE(ID, NUMBER, M_PAR, M_HANDICAP, L_PAR, L_HANDICAP, COURSE_ID) VALUES(182, 2, 4, 17, 4, 17, 13);;
INSERT INTO PUBLIC.HOLE(ID, NUMBER, M_PAR, M_HANDICAP, L_PAR, L_HANDICAP, COURSE_ID) VALUES(183, 3, 5, 3, 5, 3, 13);;
INSERT INTO PUBLIC.HOLE(ID, NUMBER, M_PAR, M_HANDICAP, L_PAR, L_HANDICAP, COURSE_ID) VALUES(184, 4, 3, 15, 3, 15, 13);;
INSERT INTO PUBLIC.HOLE(ID, NUMBER, M_PAR, M_HANDICAP, L_PAR, L_HANDICAP, COURSE_ID) VALUES(185, 5, 4, 5, 4, 5, 13);;
INSERT INTO PUBLIC.HOLE(ID, NUMBER, M_PAR, M_HANDICAP, L_PAR, L_HANDICAP, COURSE_ID) VALUES(186, 6, 5, 1, 5, 1, 13);;
INSERT INTO PUBLIC.HOLE(ID, NUMBER, M_PAR, M_HANDICAP, L_PAR, L_HANDICAP, COURSE_ID) VALUES(187, 7, 3, 13, 3, 13, 13);;
INSERT INTO PUBLIC.HOLE(ID, NUMBER, M_PAR, M_HANDICAP, L_PAR, L_HANDICAP, COURSE_ID) VALUES(188, 8, 4, 11, 4, 11, 13);;
INSERT INTO PUBLIC.HOLE(ID, NUMBER, M_PAR, M_HANDICAP, L_PAR, L_HANDICAP, COURSE_ID) VALUES(189, 9, 4, 9, 4, 9, 13);;
INSERT INTO PUBLIC.HOLE(ID, NUMBER, M_PAR, M_HANDICAP, L_PAR, L_HANDICAP, COURSE_ID) VALUES(190, 10, 4, 8, 4, 8, 13);;
INSERT INTO PUBLIC.HOLE(ID, NUMBER, M_PAR, M_HANDICAP, L_PAR, L_HANDICAP, COURSE_ID) VALUES(191, 11, 5, 4, 5, 4, 13);;
INSERT INTO PUBLIC.HOLE(ID, NUMBER, M_PAR, M_HANDICAP, L_PAR, L_HANDICAP, COURSE_ID) VALUES(192, 12, 4, 10, 4, 10, 13);;
INSERT INTO PUBLIC.HOLE(ID, NUMBER, M_PAR, M_HANDICAP, L_PAR, L_HANDICAP, COURSE_ID) VALUES(193, 13, 3, 18, 3, 18, 13);;
INSERT INTO PUBLIC.HOLE(ID, NUMBER, M_PAR, M_HANDICAP, L_PAR, L_HANDICAP, COURSE_ID) VALUES(194, 14, 4, 14, 4, 14, 13);;
INSERT INTO PUBLIC.HOLE(ID, NUMBER, M_PAR, M_HANDICAP, L_PAR, L_HANDICAP, COURSE_ID) VALUES(195, 15, 5, 2, 5, 2, 13);;
INSERT INTO PUBLIC.HOLE(ID, NUMBER, M_PAR, M_HANDICAP, L_PAR, L_HANDICAP, COURSE_ID) VALUES(196, 16, 4, 6, 4, 6, 13);;
INSERT INTO PUBLIC.HOLE(ID, NUMBER, M_PAR, M_HANDICAP, L_PAR, L_HANDICAP, COURSE_ID) VALUES(197, 17, 3, 16, 3, 16, 13);;
INSERT INTO PUBLIC.HOLE(ID, NUMBER, M_PAR, M_HANDICAP, L_PAR, L_HANDICAP, COURSE_ID) VALUES(198, 18, 4, 12, 4, 12, 13);;
INSERT INTO PUBLIC.HOLE(ID, NUMBER, M_PAR, M_HANDICAP, L_PAR, L_HANDICAP, COURSE_ID) VALUES(199, 1, 4, 7, 4, 7, 14);;
INSERT INTO PUBLIC.HOLE(ID, NUMBER, M_PAR, M_HANDICAP, L_PAR, L_HANDICAP, COURSE_ID) VALUES(200, 2, 3, 15, 3, 15, 14);;
INSERT INTO PUBLIC.HOLE(ID, NUMBER, M_PAR, M_HANDICAP, L_PAR, L_HANDICAP, COURSE_ID) VALUES(201, 3, 4, 17, 4, 17, 14);;
INSERT INTO PUBLIC.HOLE(ID, NUMBER, M_PAR, M_HANDICAP, L_PAR, L_HANDICAP, COURSE_ID) VALUES(202, 4, 3, 13, 3, 13, 14);;
INSERT INTO PUBLIC.HOLE(ID, NUMBER, M_PAR, M_HANDICAP, L_PAR, L_HANDICAP, COURSE_ID) VALUES(203, 5, 4, 9, 4, 9, 14);;
INSERT INTO PUBLIC.HOLE(ID, NUMBER, M_PAR, M_HANDICAP, L_PAR, L_HANDICAP, COURSE_ID) VALUES(204, 6, 4, 3, 4, 3, 14);;
INSERT INTO PUBLIC.HOLE(ID, NUMBER, M_PAR, M_HANDICAP, L_PAR, L_HANDICAP, COURSE_ID) VALUES(205, 7, 5, 11, 5, 11, 14);;
INSERT INTO PUBLIC.HOLE(ID, NUMBER, M_PAR, M_HANDICAP, L_PAR, L_HANDICAP, COURSE_ID) VALUES(206, 8, 5, 1, 5, 1, 14);;
INSERT INTO PUBLIC.HOLE(ID, NUMBER, M_PAR, M_HANDICAP, L_PAR, L_HANDICAP, COURSE_ID) VALUES(207, 9, 4, 5, 4, 5, 14);;
INSERT INTO PUBLIC.HOLE(ID, NUMBER, M_PAR, M_HANDICAP, L_PAR, L_HANDICAP, COURSE_ID) VALUES(208, 10, 4, 10, 4, 10, 14);;
INSERT INTO PUBLIC.HOLE(ID, NUMBER, M_PAR, M_HANDICAP, L_PAR, L_HANDICAP, COURSE_ID) VALUES(209, 11, 4, 16, 4, 16, 14);;
INSERT INTO PUBLIC.HOLE(ID, NUMBER, M_PAR, M_HANDICAP, L_PAR, L_HANDICAP, COURSE_ID) VALUES(210, 12, 4, 4, 4, 4, 14);;
INSERT INTO PUBLIC.HOLE(ID, NUMBER, M_PAR, M_HANDICAP, L_PAR, L_HANDICAP, COURSE_ID) VALUES(211, 13, 3, 12, 3, 12, 14);;
INSERT INTO PUBLIC.HOLE(ID, NUMBER, M_PAR, M_HANDICAP, L_PAR, L_HANDICAP, COURSE_ID) VALUES(212, 14, 4, 6, 4, 6, 14);;
INSERT INTO PUBLIC.HOLE(ID, NUMBER, M_PAR, M_HANDICAP, L_PAR, L_HANDICAP, COURSE_ID) VALUES(213, 15, 4, 2, 5, 2, 14);;
INSERT INTO PUBLIC.HOLE(ID, NUMBER, M_PAR, M_HANDICAP, L_PAR, L_HANDICAP, COURSE_ID) VALUES(214, 16, 3, 18, 3, 18, 14);;
INSERT INTO PUBLIC.HOLE(ID, NUMBER, M_PAR, M_HANDICAP, L_PAR, L_HANDICAP, COURSE_ID) VALUES(215, 17, 4, 14, 4, 14, 14);;
INSERT INTO PUBLIC.HOLE(ID, NUMBER, M_PAR, M_HANDICAP, L_PAR, L_HANDICAP, COURSE_ID) VALUES(216, 18, 5, 8, 5, 8, 14);;
INSERT INTO PUBLIC.HOLE(ID, NUMBER, M_PAR, M_HANDICAP, L_PAR, L_HANDICAP, COURSE_ID) VALUES(217, 1, 5, 15, 5, 3, 15);;
INSERT INTO PUBLIC.HOLE(ID, NUMBER, M_PAR, M_HANDICAP, L_PAR, L_HANDICAP, COURSE_ID) VALUES(218, 2, 4, 1, 4, 5, 15);;
INSERT INTO PUBLIC.HOLE(ID, NUMBER, M_PAR, M_HANDICAP, L_PAR, L_HANDICAP, COURSE_ID) VALUES(219, 3, 4, 5, 4, 9, 15);;
INSERT INTO PUBLIC.HOLE(ID, NUMBER, M_PAR, M_HANDICAP, L_PAR, L_HANDICAP, COURSE_ID) VALUES(220, 4, 3, 13, 3, 15, 15);;
INSERT INTO PUBLIC.HOLE(ID, NUMBER, M_PAR, M_HANDICAP, L_PAR, L_HANDICAP, COURSE_ID) VALUES(221, 5, 4, 3, 4, 7, 15);;
INSERT INTO PUBLIC.HOLE(ID, NUMBER, M_PAR, M_HANDICAP, L_PAR, L_HANDICAP, COURSE_ID) VALUES(222, 6, 4, 7, 4, 11, 15);;
INSERT INTO PUBLIC.HOLE(ID, NUMBER, M_PAR, M_HANDICAP, L_PAR, L_HANDICAP, COURSE_ID) VALUES(223, 7, 4, 9, 4, 13, 15);;
INSERT INTO PUBLIC.HOLE(ID, NUMBER, M_PAR, M_HANDICAP, L_PAR, L_HANDICAP, COURSE_ID) VALUES(224, 8, 3, 17, 3, 17, 15);;
INSERT INTO PUBLIC.HOLE(ID, NUMBER, M_PAR, M_HANDICAP, L_PAR, L_HANDICAP, COURSE_ID) VALUES(225, 9, 5, 11, 5, 1, 15);;
INSERT INTO PUBLIC.HOLE(ID, NUMBER, M_PAR, M_HANDICAP, L_PAR, L_HANDICAP, COURSE_ID) VALUES(226, 10, 4, 8, 4, 8, 15);;
INSERT INTO PUBLIC.HOLE(ID, NUMBER, M_PAR, M_HANDICAP, L_PAR, L_HANDICAP, COURSE_ID) VALUES(227, 11, 3, 14, 3, 16, 15);;
INSERT INTO PUBLIC.HOLE(ID, NUMBER, M_PAR, M_HANDICAP, L_PAR, L_HANDICAP, COURSE_ID) VALUES(228, 12, 4, 2, 4, 12, 15);;
INSERT INTO PUBLIC.HOLE(ID, NUMBER, M_PAR, M_HANDICAP, L_PAR, L_HANDICAP, COURSE_ID) VALUES(229, 13, 4, 12, 4, 10, 15);;
INSERT INTO PUBLIC.HOLE(ID, NUMBER, M_PAR, M_HANDICAP, L_PAR, L_HANDICAP, COURSE_ID) VALUES(230, 14, 5, 18, 5, 4, 15);;
INSERT INTO PUBLIC.HOLE(ID, NUMBER, M_PAR, M_HANDICAP, L_PAR, L_HANDICAP, COURSE_ID) VALUES(231, 15, 3, 16, 3, 18, 15);;
INSERT INTO PUBLIC.HOLE(ID, NUMBER, M_PAR, M_HANDICAP, L_PAR, L_HANDICAP, COURSE_ID) VALUES(232, 16, 5, 4, 5, 2, 15);;
INSERT INTO PUBLIC.HOLE(ID, NUMBER, M_PAR, M_HANDICAP, L_PAR, L_HANDICAP, COURSE_ID) VALUES(233, 17, 4, 10, 4, 14, 15);;
INSERT INTO PUBLIC.HOLE(ID, NUMBER, M_PAR, M_HANDICAP, L_PAR, L_HANDICAP, COURSE_ID) VALUES(234, 18, 4, 6, 4, 6, 15);;
INSERT INTO PUBLIC.HOLE(ID, NUMBER, M_PAR, M_HANDICAP, L_PAR, L_HANDICAP, COURSE_ID) VALUES(235, 1, 4, 11, 4, 9, 16);;
INSERT INTO PUBLIC.HOLE(ID, NUMBER, M_PAR, M_HANDICAP, L_PAR, L_HANDICAP, COURSE_ID) VALUES(236, 2, 5, 9, 5, 11, 16);;
INSERT INTO PUBLIC.HOLE(ID, NUMBER, M_PAR, M_HANDICAP, L_PAR, L_HANDICAP, COURSE_ID) VALUES(237, 3, 4, 3, 4, 13, 16);;
INSERT INTO PUBLIC.HOLE(ID, NUMBER, M_PAR, M_HANDICAP, L_PAR, L_HANDICAP, COURSE_ID) VALUES(238, 4, 4, 5, 4, 7, 16);;
INSERT INTO PUBLIC.HOLE(ID, NUMBER, M_PAR, M_HANDICAP, L_PAR, L_HANDICAP, COURSE_ID) VALUES(239, 5, 3, 15, 3, 5, 16);;
INSERT INTO PUBLIC.HOLE(ID, NUMBER, M_PAR, M_HANDICAP, L_PAR, L_HANDICAP, COURSE_ID) VALUES(240, 6, 4, 1, 4, 1, 16);;
INSERT INTO PUBLIC.HOLE(ID, NUMBER, M_PAR, M_HANDICAP, L_PAR, L_HANDICAP, COURSE_ID) VALUES(241, 7, 4, 13, 4, 15, 16);;
INSERT INTO PUBLIC.HOLE(ID, NUMBER, M_PAR, M_HANDICAP, L_PAR, L_HANDICAP, COURSE_ID) VALUES(242, 8, 3, 17, 3, 17, 16);;
INSERT INTO PUBLIC.HOLE(ID, NUMBER, M_PAR, M_HANDICAP, L_PAR, L_HANDICAP, COURSE_ID) VALUES(243, 9, 5, 7, 5, 3, 16);;
INSERT INTO PUBLIC.HOLE(ID, NUMBER, M_PAR, M_HANDICAP, L_PAR, L_HANDICAP, COURSE_ID) VALUES(244, 10, 4, 10, 4, 12, 16);;
INSERT INTO PUBLIC.HOLE(ID, NUMBER, M_PAR, M_HANDICAP, L_PAR, L_HANDICAP, COURSE_ID) VALUES(245, 11, 5, 12, 5, 6, 16);;
INSERT INTO PUBLIC.HOLE(ID, NUMBER, M_PAR, M_HANDICAP, L_PAR, L_HANDICAP, COURSE_ID) VALUES(246, 12, 4, 14, 4, 8, 16);;
INSERT INTO PUBLIC.HOLE(ID, NUMBER, M_PAR, M_HANDICAP, L_PAR, L_HANDICAP, COURSE_ID) VALUES(247, 13, 4, 4, 4, 14, 16);;
INSERT INTO PUBLIC.HOLE(ID, NUMBER, M_PAR, M_HANDICAP, L_PAR, L_HANDICAP, COURSE_ID) VALUES(248, 14, 3, 16, 3, 18, 16);;
INSERT INTO PUBLIC.HOLE(ID, NUMBER, M_PAR, M_HANDICAP, L_PAR, L_HANDICAP, COURSE_ID) VALUES(249, 15, 4, 8, 4, 4, 16);;
INSERT INTO PUBLIC.HOLE(ID, NUMBER, M_PAR, M_HANDICAP, L_PAR, L_HANDICAP, COURSE_ID) VALUES(250, 16, 4, 2, 4, 10, 16);;
INSERT INTO PUBLIC.HOLE(ID, NUMBER, M_PAR, M_HANDICAP, L_PAR, L_HANDICAP, COURSE_ID) VALUES(251, 17, 3, 18, 3, 16, 16);;
INSERT INTO PUBLIC.HOLE(ID, NUMBER, M_PAR, M_HANDICAP, L_PAR, L_HANDICAP, COURSE_ID) VALUES(252, 18, 5, 6, 5, 2, 16);;
INSERT INTO PUBLIC.HOLE(ID, NUMBER, M_PAR, M_HANDICAP, L_PAR, L_HANDICAP, COURSE_ID) VALUES(271, 1, 4, 12, 4, 10, 18);;
INSERT INTO PUBLIC.HOLE(ID, NUMBER, M_PAR, M_HANDICAP, L_PAR, L_HANDICAP, COURSE_ID) VALUES(272, 2, 5, 4, 5, 2, 18);;
INSERT INTO PUBLIC.HOLE(ID, NUMBER, M_PAR, M_HANDICAP, L_PAR, L_HANDICAP, COURSE_ID) VALUES(273, 3, 4, 6, 4, 6, 18);;
INSERT INTO PUBLIC.HOLE(ID, NUMBER, M_PAR, M_HANDICAP, L_PAR, L_HANDICAP, COURSE_ID) VALUES(274, 4, 3, 8, 3, 12, 18);;
INSERT INTO PUBLIC.HOLE(ID, NUMBER, M_PAR, M_HANDICAP, L_PAR, L_HANDICAP, COURSE_ID) VALUES(275, 5, 4, 2, 4, 8, 18);;
INSERT INTO PUBLIC.HOLE(ID, NUMBER, M_PAR, M_HANDICAP, L_PAR, L_HANDICAP, COURSE_ID) VALUES(276, 6, 3, 16, 3, 16, 18);;
INSERT INTO PUBLIC.HOLE(ID, NUMBER, M_PAR, M_HANDICAP, L_PAR, L_HANDICAP, COURSE_ID) VALUES(277, 7, 4, 18, 4, 18, 18);;
INSERT INTO PUBLIC.HOLE(ID, NUMBER, M_PAR, M_HANDICAP, L_PAR, L_HANDICAP, COURSE_ID) VALUES(278, 8, 3, 14, 3, 14, 18);;
INSERT INTO PUBLIC.HOLE(ID, NUMBER, M_PAR, M_HANDICAP, L_PAR, L_HANDICAP, COURSE_ID) VALUES(279, 9, 5, 10, 5, 4, 18);;
INSERT INTO PUBLIC.HOLE(ID, NUMBER, M_PAR, M_HANDICAP, L_PAR, L_HANDICAP, COURSE_ID) VALUES(280, 10, 3, 15, 3, 15, 18);;
INSERT INTO PUBLIC.HOLE(ID, NUMBER, M_PAR, M_HANDICAP, L_PAR, L_HANDICAP, COURSE_ID) VALUES(281, 11, 4, 5, 4, 5, 18);;
INSERT INTO PUBLIC.HOLE(ID, NUMBER, M_PAR, M_HANDICAP, L_PAR, L_HANDICAP, COURSE_ID) VALUES(282, 12, 4, 3, 4, 7, 18);;
INSERT INTO PUBLIC.HOLE(ID, NUMBER, M_PAR, M_HANDICAP, L_PAR, L_HANDICAP, COURSE_ID) VALUES(283, 13, 4, 11, 4, 13, 18);;
INSERT INTO PUBLIC.HOLE(ID, NUMBER, M_PAR, M_HANDICAP, L_PAR, L_HANDICAP, COURSE_ID) VALUES(284, 14, 5, 1, 5, 1, 18);;
INSERT INTO PUBLIC.HOLE(ID, NUMBER, M_PAR, M_HANDICAP, L_PAR, L_HANDICAP, COURSE_ID) VALUES(285, 15, 4, 13, 4, 3, 18);;
INSERT INTO PUBLIC.HOLE(ID, NUMBER, M_PAR, M_HANDICAP, L_PAR, L_HANDICAP, COURSE_ID) VALUES(286, 16, 5, 7, 5, 11, 18);;
INSERT INTO PUBLIC.HOLE(ID, NUMBER, M_PAR, M_HANDICAP, L_PAR, L_HANDICAP, COURSE_ID) VALUES(287, 17, 3, 17, 3, 17, 18);;
INSERT INTO PUBLIC.HOLE(ID, NUMBER, M_PAR, M_HANDICAP, L_PAR, L_HANDICAP, COURSE_ID) VALUES(288, 18, 4, 9, 4, 9, 18);;
INSERT INTO PUBLIC.HOLE(ID, NUMBER, M_PAR, M_HANDICAP, L_PAR, L_HANDICAP, COURSE_ID) VALUES(289, 1, 4, 11, 4, 11, 19);;
INSERT INTO PUBLIC.HOLE(ID, NUMBER, M_PAR, M_HANDICAP, L_PAR, L_HANDICAP, COURSE_ID) VALUES(290, 2, 3, 17, 3, 17, 19);;
INSERT INTO PUBLIC.HOLE(ID, NUMBER, M_PAR, M_HANDICAP, L_PAR, L_HANDICAP, COURSE_ID) VALUES(291, 3, 4, 5, 4, 5, 19);;
INSERT INTO PUBLIC.HOLE(ID, NUMBER, M_PAR, M_HANDICAP, L_PAR, L_HANDICAP, COURSE_ID) VALUES(292, 4, 4, 15, 4, 15, 19);;
INSERT INTO PUBLIC.HOLE(ID, NUMBER, M_PAR, M_HANDICAP, L_PAR, L_HANDICAP, COURSE_ID) VALUES(293, 5, 5, 7, 5, 7, 19);;
INSERT INTO PUBLIC.HOLE(ID, NUMBER, M_PAR, M_HANDICAP, L_PAR, L_HANDICAP, COURSE_ID) VALUES(294, 6, 3, 9, 3, 9, 19);;
INSERT INTO PUBLIC.HOLE(ID, NUMBER, M_PAR, M_HANDICAP, L_PAR, L_HANDICAP, COURSE_ID) VALUES(295, 7, 4, 13, 4, 13, 19);;
INSERT INTO PUBLIC.HOLE(ID, NUMBER, M_PAR, M_HANDICAP, L_PAR, L_HANDICAP, COURSE_ID) VALUES(296, 8, 4, 3, 4, 3, 19);;
INSERT INTO PUBLIC.HOLE(ID, NUMBER, M_PAR, M_HANDICAP, L_PAR, L_HANDICAP, COURSE_ID) VALUES(297, 9, 5, 1, 5, 1, 19);;
INSERT INTO PUBLIC.HOLE(ID, NUMBER, M_PAR, M_HANDICAP, L_PAR, L_HANDICAP, COURSE_ID) VALUES(298, 10, 5, 12, 5, 12, 19);;
INSERT INTO PUBLIC.HOLE(ID, NUMBER, M_PAR, M_HANDICAP, L_PAR, L_HANDICAP, COURSE_ID) VALUES(299, 11, 4, 6, 4, 6, 19);;
INSERT INTO PUBLIC.HOLE(ID, NUMBER, M_PAR, M_HANDICAP, L_PAR, L_HANDICAP, COURSE_ID) VALUES(300, 12, 5, 4, 5, 4, 19);;
INSERT INTO PUBLIC.HOLE(ID, NUMBER, M_PAR, M_HANDICAP, L_PAR, L_HANDICAP, COURSE_ID) VALUES(301, 13, 4, 18, 4, 18, 19);;
INSERT INTO PUBLIC.HOLE(ID, NUMBER, M_PAR, M_HANDICAP, L_PAR, L_HANDICAP, COURSE_ID) VALUES(302, 14, 4, 14, 4, 14, 19);;
INSERT INTO PUBLIC.HOLE(ID, NUMBER, M_PAR, M_HANDICAP, L_PAR, L_HANDICAP, COURSE_ID) VALUES(303, 15, 3, 16, 3, 16, 19);;
INSERT INTO PUBLIC.HOLE(ID, NUMBER, M_PAR, M_HANDICAP, L_PAR, L_HANDICAP, COURSE_ID) VALUES(304, 16, 4, 2, 4, 2, 19);;
INSERT INTO PUBLIC.HOLE(ID, NUMBER, M_PAR, M_HANDICAP, L_PAR, L_HANDICAP, COURSE_ID) VALUES(305, 17, 3, 10, 3, 10, 19);;
INSERT INTO PUBLIC.HOLE(ID, NUMBER, M_PAR, M_HANDICAP, L_PAR, L_HANDICAP, COURSE_ID) VALUES(306, 18, 4, 8, 4, 8, 19);;
INSERT INTO PUBLIC.HOLE(ID, NUMBER, M_PAR, M_HANDICAP, L_PAR, L_HANDICAP, COURSE_ID) VALUES(307, 1, 5, 3, 5, 3, 20);;
INSERT INTO PUBLIC.HOLE(ID, NUMBER, M_PAR, M_HANDICAP, L_PAR, L_HANDICAP, COURSE_ID) VALUES(308, 2, 4, 7, 4, 7, 20);;
INSERT INTO PUBLIC.HOLE(ID, NUMBER, M_PAR, M_HANDICAP, L_PAR, L_HANDICAP, COURSE_ID) VALUES(309, 3, 3, 15, 3, 15, 20);;
INSERT INTO PUBLIC.HOLE(ID, NUMBER, M_PAR, M_HANDICAP, L_PAR, L_HANDICAP, COURSE_ID) VALUES(310, 4, 4, 9, 4, 9, 20);;
INSERT INTO PUBLIC.HOLE(ID, NUMBER, M_PAR, M_HANDICAP, L_PAR, L_HANDICAP, COURSE_ID) VALUES(311, 5, 4, 13, 4, 13, 20);;
INSERT INTO PUBLIC.HOLE(ID, NUMBER, M_PAR, M_HANDICAP, L_PAR, L_HANDICAP, COURSE_ID) VALUES(312, 6, 4, 5, 4, 5, 20);;
INSERT INTO PUBLIC.HOLE(ID, NUMBER, M_PAR, M_HANDICAP, L_PAR, L_HANDICAP, COURSE_ID) VALUES(313, 7, 3, 17, 3, 17, 20);;
INSERT INTO PUBLIC.HOLE(ID, NUMBER, M_PAR, M_HANDICAP, L_PAR, L_HANDICAP, COURSE_ID) VALUES(314, 8, 5, 1, 5, 1, 20);;
INSERT INTO PUBLIC.HOLE(ID, NUMBER, M_PAR, M_HANDICAP, L_PAR, L_HANDICAP, COURSE_ID) VALUES(315, 9, 4, 11, 4, 11, 20);;
INSERT INTO PUBLIC.HOLE(ID, NUMBER, M_PAR, M_HANDICAP, L_PAR, L_HANDICAP, COURSE_ID) VALUES(316, 10, 5, 2, 5, 2, 20);;
INSERT INTO PUBLIC.HOLE(ID, NUMBER, M_PAR, M_HANDICAP, L_PAR, L_HANDICAP, COURSE_ID) VALUES(317, 11, 3, 14, 3, 14, 20);;
INSERT INTO PUBLIC.HOLE(ID, NUMBER, M_PAR, M_HANDICAP, L_PAR, L_HANDICAP, COURSE_ID) VALUES(318, 12, 4, 8, 4, 8, 20);;
INSERT INTO PUBLIC.HOLE(ID, NUMBER, M_PAR, M_HANDICAP, L_PAR, L_HANDICAP, COURSE_ID) VALUES(319, 13, 4, 10, 4, 10, 20);;
INSERT INTO PUBLIC.HOLE(ID, NUMBER, M_PAR, M_HANDICAP, L_PAR, L_HANDICAP, COURSE_ID) VALUES(320, 14, 3, 18, 3, 18, 20);;
INSERT INTO PUBLIC.HOLE(ID, NUMBER, M_PAR, M_HANDICAP, L_PAR, L_HANDICAP, COURSE_ID) VALUES(321, 15, 4, 12, 4, 12, 20);;
INSERT INTO PUBLIC.HOLE(ID, NUMBER, M_PAR, M_HANDICAP, L_PAR, L_HANDICAP, COURSE_ID) VALUES(322, 16, 4, 6, 4, 6, 20);;
INSERT INTO PUBLIC.HOLE(ID, NUMBER, M_PAR, M_HANDICAP, L_PAR, L_HANDICAP, COURSE_ID) VALUES(323, 17, 3, 16, 3, 16, 20);;
INSERT INTO PUBLIC.HOLE(ID, NUMBER, M_PAR, M_HANDICAP, L_PAR, L_HANDICAP, COURSE_ID) VALUES(324, 18, 5, 4, 5, 4, 20);;
INSERT INTO PUBLIC.HOLE(ID, NUMBER, M_PAR, M_HANDICAP, L_PAR, L_HANDICAP, COURSE_ID) VALUES(325, 1, 4, 7, 4, 11, 21);;
INSERT INTO PUBLIC.HOLE(ID, NUMBER, M_PAR, M_HANDICAP, L_PAR, L_HANDICAP, COURSE_ID) VALUES(326, 2, 5, 17, 5, 17, 21);;
INSERT INTO PUBLIC.HOLE(ID, NUMBER, M_PAR, M_HANDICAP, L_PAR, L_HANDICAP, COURSE_ID) VALUES(327, 3, 4, 5, 4, 13, 21);;
INSERT INTO PUBLIC.HOLE(ID, NUMBER, M_PAR, M_HANDICAP, L_PAR, L_HANDICAP, COURSE_ID) VALUES(328, 4, 3, 1, 3, 9, 21);;
INSERT INTO PUBLIC.HOLE(ID, NUMBER, M_PAR, M_HANDICAP, L_PAR, L_HANDICAP, COURSE_ID) VALUES(329, 5, 4, 15, 4, 5, 21);;
INSERT INTO PUBLIC.HOLE(ID, NUMBER, M_PAR, M_HANDICAP, L_PAR, L_HANDICAP, COURSE_ID) VALUES(330, 6, 4, 11, 4, 15, 21);;
INSERT INTO PUBLIC.HOLE(ID, NUMBER, M_PAR, M_HANDICAP, L_PAR, L_HANDICAP, COURSE_ID) VALUES(331, 7, 3, 9, 3, 3, 21);;
INSERT INTO PUBLIC.HOLE(ID, NUMBER, M_PAR, M_HANDICAP, L_PAR, L_HANDICAP, COURSE_ID) VALUES(332, 8, 4, 13, 4, 7, 21);;
INSERT INTO PUBLIC.HOLE(ID, NUMBER, M_PAR, M_HANDICAP, L_PAR, L_HANDICAP, COURSE_ID) VALUES(333, 9, 5, 3, 5, 1, 21);;
INSERT INTO PUBLIC.HOLE(ID, NUMBER, M_PAR, M_HANDICAP, L_PAR, L_HANDICAP, COURSE_ID) VALUES(334, 10, 4, 14, 4, 14, 21);;
INSERT INTO PUBLIC.HOLE(ID, NUMBER, M_PAR, M_HANDICAP, L_PAR, L_HANDICAP, COURSE_ID) VALUES(335, 11, 5, 2, 5, 12, 21);;
INSERT INTO PUBLIC.HOLE(ID, NUMBER, M_PAR, M_HANDICAP, L_PAR, L_HANDICAP, COURSE_ID) VALUES(336, 12, 3, 4, 3, 8, 21);;
INSERT INTO PUBLIC.HOLE(ID, NUMBER, M_PAR, M_HANDICAP, L_PAR, L_HANDICAP, COURSE_ID) VALUES(337, 13, 4, 8, 4, 10, 21);;
INSERT INTO PUBLIC.HOLE(ID, NUMBER, M_PAR, M_HANDICAP, L_PAR, L_HANDICAP, COURSE_ID) VALUES(338, 14, 4, 18, 4, 16, 21);;
INSERT INTO PUBLIC.HOLE(ID, NUMBER, M_PAR, M_HANDICAP, L_PAR, L_HANDICAP, COURSE_ID) VALUES(339, 15, 4, 12, 4, 6, 21);;
INSERT INTO PUBLIC.HOLE(ID, NUMBER, M_PAR, M_HANDICAP, L_PAR, L_HANDICAP, COURSE_ID) VALUES(340, 16, 3, 16, 3, 18, 21);;
INSERT INTO PUBLIC.HOLE(ID, NUMBER, M_PAR, M_HANDICAP, L_PAR, L_HANDICAP, COURSE_ID) VALUES(341, 17, 5, 6, 5, 3, 21);;
INSERT INTO PUBLIC.HOLE(ID, NUMBER, M_PAR, M_HANDICAP, L_PAR, L_HANDICAP, COURSE_ID) VALUES(342, 18, 4, 10, 4, 4, 21);;
INSERT INTO PUBLIC.HOLE(ID, NUMBER, M_PAR, M_HANDICAP, L_PAR, L_HANDICAP, COURSE_ID) VALUES(343, 1, 4, NULL, 4, NULL, 22);;
INSERT INTO PUBLIC.HOLE(ID, NUMBER, M_PAR, M_HANDICAP, L_PAR, L_HANDICAP, COURSE_ID) VALUES(344, 2, 4, NULL, 4, NULL, 22);;
INSERT INTO PUBLIC.HOLE(ID, NUMBER, M_PAR, M_HANDICAP, L_PAR, L_HANDICAP, COURSE_ID) VALUES(345, 3, 3, NULL, 3, NULL, 22);;
INSERT INTO PUBLIC.HOLE(ID, NUMBER, M_PAR, M_HANDICAP, L_PAR, L_HANDICAP, COURSE_ID) VALUES(346, 4, 5, NULL, 5, NULL, 22);;
INSERT INTO PUBLIC.HOLE(ID, NUMBER, M_PAR, M_HANDICAP, L_PAR, L_HANDICAP, COURSE_ID) VALUES(347, 5, 4, NULL, 4, NULL, 22);;
INSERT INTO PUBLIC.HOLE(ID, NUMBER, M_PAR, M_HANDICAP, L_PAR, L_HANDICAP, COURSE_ID) VALUES(348, 6, 4, NULL, 4, NULL, 22);;
INSERT INTO PUBLIC.HOLE(ID, NUMBER, M_PAR, M_HANDICAP, L_PAR, L_HANDICAP, COURSE_ID) VALUES(349, 7, 4, NULL, 4, NULL, 22);;
INSERT INTO PUBLIC.HOLE(ID, NUMBER, M_PAR, M_HANDICAP, L_PAR, L_HANDICAP, COURSE_ID) VALUES(350, 8, 4, NULL, 4, NULL, 22);;
INSERT INTO PUBLIC.HOLE(ID, NUMBER, M_PAR, M_HANDICAP, L_PAR, L_HANDICAP, COURSE_ID) VALUES(351, 9, 3, NULL, 3, NULL, 22);;
INSERT INTO PUBLIC.HOLE(ID, NUMBER, M_PAR, M_HANDICAP, L_PAR, L_HANDICAP, COURSE_ID) VALUES(352, 10, 4, NULL, 4, NULL, 22);;
INSERT INTO PUBLIC.HOLE(ID, NUMBER, M_PAR, M_HANDICAP, L_PAR, L_HANDICAP, COURSE_ID) VALUES(353, 11, 4, NULL, 4, NULL, 22);;
INSERT INTO PUBLIC.HOLE(ID, NUMBER, M_PAR, M_HANDICAP, L_PAR, L_HANDICAP, COURSE_ID) VALUES(354, 12, 5, NULL, 5, NULL, 22);;
INSERT INTO PUBLIC.HOLE(ID, NUMBER, M_PAR, M_HANDICAP, L_PAR, L_HANDICAP, COURSE_ID) VALUES(355, 13, 4, NULL, 4, NULL, 22);;
INSERT INTO PUBLIC.HOLE(ID, NUMBER, M_PAR, M_HANDICAP, L_PAR, L_HANDICAP, COURSE_ID) VALUES(356, 14, 3, NULL, 3, NULL, 22);;
INSERT INTO PUBLIC.HOLE(ID, NUMBER, M_PAR, M_HANDICAP, L_PAR, L_HANDICAP, COURSE_ID) VALUES(357, 15, 5, NULL, 5, NULL, 22);;
INSERT INTO PUBLIC.HOLE(ID, NUMBER, M_PAR, M_HANDICAP, L_PAR, L_HANDICAP, COURSE_ID) VALUES(358, 16, 3, NULL, 3, NULL, 22);;
INSERT INTO PUBLIC.HOLE(ID, NUMBER, M_PAR, M_HANDICAP, L_PAR, L_HANDICAP, COURSE_ID) VALUES(359, 17, 4, NULL, 4, NULL, 22);;
INSERT INTO PUBLIC.HOLE(ID, NUMBER, M_PAR, M_HANDICAP, L_PAR, L_HANDICAP, COURSE_ID) VALUES(360, 18, 4, NULL, 4, NULL, 22);;
INSERT INTO PUBLIC.HOLE(ID, NUMBER, M_PAR, M_HANDICAP, L_PAR, L_HANDICAP, COURSE_ID) VALUES(361, 1, 5, 3, 5, 3, 23);;
INSERT INTO PUBLIC.HOLE(ID, NUMBER, M_PAR, M_HANDICAP, L_PAR, L_HANDICAP, COURSE_ID) VALUES(362, 2, 4, 7, 4, 7, 23);;
INSERT INTO PUBLIC.HOLE(ID, NUMBER, M_PAR, M_HANDICAP, L_PAR, L_HANDICAP, COURSE_ID) VALUES(363, 3, 4, 11, 4, 11, 23);;
INSERT INTO PUBLIC.HOLE(ID, NUMBER, M_PAR, M_HANDICAP, L_PAR, L_HANDICAP, COURSE_ID) VALUES(364, 4, 4, 9, 4, 9, 23);;
INSERT INTO PUBLIC.HOLE(ID, NUMBER, M_PAR, M_HANDICAP, L_PAR, L_HANDICAP, COURSE_ID) VALUES(365, 5, 3, 17, 3, 17, 23);;
INSERT INTO PUBLIC.HOLE(ID, NUMBER, M_PAR, M_HANDICAP, L_PAR, L_HANDICAP, COURSE_ID) VALUES(366, 6, 5, 1, 5, 1, 23);;
INSERT INTO PUBLIC.HOLE(ID, NUMBER, M_PAR, M_HANDICAP, L_PAR, L_HANDICAP, COURSE_ID) VALUES(367, 7, 4, 15, 4, 15, 23);;
INSERT INTO PUBLIC.HOLE(ID, NUMBER, M_PAR, M_HANDICAP, L_PAR, L_HANDICAP, COURSE_ID) VALUES(368, 8, 3, 13, 3, 13, 23);;
INSERT INTO PUBLIC.HOLE(ID, NUMBER, M_PAR, M_HANDICAP, L_PAR, L_HANDICAP, COURSE_ID) VALUES(369, 9, 4, 5, 4, 5, 23);;
INSERT INTO PUBLIC.HOLE(ID, NUMBER, M_PAR, M_HANDICAP, L_PAR, L_HANDICAP, COURSE_ID) VALUES(370, 10, 4, 8, 4, 8, 23);;
INSERT INTO PUBLIC.HOLE(ID, NUMBER, M_PAR, M_HANDICAP, L_PAR, L_HANDICAP, COURSE_ID) VALUES(371, 11, 4, 4, 4, 4, 23);;
INSERT INTO PUBLIC.HOLE(ID, NUMBER, M_PAR, M_HANDICAP, L_PAR, L_HANDICAP, COURSE_ID) VALUES(372, 12, 4, 14, 4, 14, 23);;
INSERT INTO PUBLIC.HOLE(ID, NUMBER, M_PAR, M_HANDICAP, L_PAR, L_HANDICAP, COURSE_ID) VALUES(373, 13, 3, 16, 3, 16, 23);;
INSERT INTO PUBLIC.HOLE(ID, NUMBER, M_PAR, M_HANDICAP, L_PAR, L_HANDICAP, COURSE_ID) VALUES(374, 14, 4, 2, 4, 2, 23);;
INSERT INTO PUBLIC.HOLE(ID, NUMBER, M_PAR, M_HANDICAP, L_PAR, L_HANDICAP, COURSE_ID) VALUES(375, 15, 3, 18, 3, 18, 23);;
INSERT INTO PUBLIC.HOLE(ID, NUMBER, M_PAR, M_HANDICAP, L_PAR, L_HANDICAP, COURSE_ID) VALUES(376, 16, 5, 12, 5, 12, 23);;
INSERT INTO PUBLIC.HOLE(ID, NUMBER, M_PAR, M_HANDICAP, L_PAR, L_HANDICAP, COURSE_ID) VALUES(377, 17, 4, 10, 4, 10, 23);;
INSERT INTO PUBLIC.HOLE(ID, NUMBER, M_PAR, M_HANDICAP, L_PAR, L_HANDICAP, COURSE_ID) VALUES(378, 18, 5, 6, 5, 6, 23);;
INSERT INTO PUBLIC.HOLE(ID, NUMBER, M_PAR, M_HANDICAP, L_PAR, L_HANDICAP, COURSE_ID) VALUES(379, 1, 4, 7, 4, 7, 24);;
INSERT INTO PUBLIC.HOLE(ID, NUMBER, M_PAR, M_HANDICAP, L_PAR, L_HANDICAP, COURSE_ID) VALUES(380, 2, 5, 13, 5, 13, 24);;
INSERT INTO PUBLIC.HOLE(ID, NUMBER, M_PAR, M_HANDICAP, L_PAR, L_HANDICAP, COURSE_ID) VALUES(381, 3, 4, 5, 4, 5, 24);;
INSERT INTO PUBLIC.HOLE(ID, NUMBER, M_PAR, M_HANDICAP, L_PAR, L_HANDICAP, COURSE_ID) VALUES(382, 4, 3, 11, 3, 11, 24);;
INSERT INTO PUBLIC.HOLE(ID, NUMBER, M_PAR, M_HANDICAP, L_PAR, L_HANDICAP, COURSE_ID) VALUES(383, 5, 4, 17, 4, 17, 24);;
INSERT INTO PUBLIC.HOLE(ID, NUMBER, M_PAR, M_HANDICAP, L_PAR, L_HANDICAP, COURSE_ID) VALUES(384, 6, 3, 9, 3, 9, 24);;
INSERT INTO PUBLIC.HOLE(ID, NUMBER, M_PAR, M_HANDICAP, L_PAR, L_HANDICAP, COURSE_ID) VALUES(385, 7, 4, 3, 4, 3, 24);;
INSERT INTO PUBLIC.HOLE(ID, NUMBER, M_PAR, M_HANDICAP, L_PAR, L_HANDICAP, COURSE_ID) VALUES(386, 8, 5, 15, 5, 15, 24);;
INSERT INTO PUBLIC.HOLE(ID, NUMBER, M_PAR, M_HANDICAP, L_PAR, L_HANDICAP, COURSE_ID) VALUES(387, 9, 4, 1, 4, 1, 24);;
INSERT INTO PUBLIC.HOLE(ID, NUMBER, M_PAR, M_HANDICAP, L_PAR, L_HANDICAP, COURSE_ID) VALUES(388, 10, 4, 8, 4, 8, 24);;
INSERT INTO PUBLIC.HOLE(ID, NUMBER, M_PAR, M_HANDICAP, L_PAR, L_HANDICAP, COURSE_ID) VALUES(389, 11, 5, 10, 5, 10, 24);;
INSERT INTO PUBLIC.HOLE(ID, NUMBER, M_PAR, M_HANDICAP, L_PAR, L_HANDICAP, COURSE_ID) VALUES(390, 12, 4, 4, 4, 4, 24);;
INSERT INTO PUBLIC.HOLE(ID, NUMBER, M_PAR, M_HANDICAP, L_PAR, L_HANDICAP, COURSE_ID) VALUES(391, 13, 3, 12, 3, 12, 24);;
INSERT INTO PUBLIC.HOLE(ID, NUMBER, M_PAR, M_HANDICAP, L_PAR, L_HANDICAP, COURSE_ID) VALUES(392, 14, 4, 14, 4, 14, 24);;
INSERT INTO PUBLIC.HOLE(ID, NUMBER, M_PAR, M_HANDICAP, L_PAR, L_HANDICAP, COURSE_ID) VALUES(393, 15, 4, 6, 4, 6, 24);;
INSERT INTO PUBLIC.HOLE(ID, NUMBER, M_PAR, M_HANDICAP, L_PAR, L_HANDICAP, COURSE_ID) VALUES(394, 16, 3, 18, 3, 18, 24);;
INSERT INTO PUBLIC.HOLE(ID, NUMBER, M_PAR, M_HANDICAP, L_PAR, L_HANDICAP, COURSE_ID) VALUES(395, 17, 4, 2, 4, 2, 24);;
INSERT INTO PUBLIC.HOLE(ID, NUMBER, M_PAR, M_HANDICAP, L_PAR, L_HANDICAP, COURSE_ID) VALUES(396, 18, 5, 16, 5, 16, 24);;
INSERT INTO PUBLIC.HOLE(ID, NUMBER, M_PAR, M_HANDICAP, L_PAR, L_HANDICAP, COURSE_ID) VALUES(397, 1, 4, 9, 4, 7, 25);;
INSERT INTO PUBLIC.HOLE(ID, NUMBER, M_PAR, M_HANDICAP, L_PAR, L_HANDICAP, COURSE_ID) VALUES(398, 2, 5, 15, 5, 3, 25);;
INSERT INTO PUBLIC.HOLE(ID, NUMBER, M_PAR, M_HANDICAP, L_PAR, L_HANDICAP, COURSE_ID) VALUES(399, 3, 3, 11, 3, 17, 25);;
INSERT INTO PUBLIC.HOLE(ID, NUMBER, M_PAR, M_HANDICAP, L_PAR, L_HANDICAP, COURSE_ID) VALUES(400, 4, 4, 1, 4, 5, 25);;
INSERT INTO PUBLIC.HOLE(ID, NUMBER, M_PAR, M_HANDICAP, L_PAR, L_HANDICAP, COURSE_ID) VALUES(401, 5, 4, 5, 4, 11, 25);;
INSERT INTO PUBLIC.HOLE(ID, NUMBER, M_PAR, M_HANDICAP, L_PAR, L_HANDICAP, COURSE_ID) VALUES(402, 6, 3, 13, 3, 15, 25);;
INSERT INTO PUBLIC.HOLE(ID, NUMBER, M_PAR, M_HANDICAP, L_PAR, L_HANDICAP, COURSE_ID) VALUES(403, 7, 4, 17, 4, 13, 25);;
INSERT INTO PUBLIC.HOLE(ID, NUMBER, M_PAR, M_HANDICAP, L_PAR, L_HANDICAP, COURSE_ID) VALUES(404, 8, 4, 7, 4, 9, 25);;
INSERT INTO PUBLIC.HOLE(ID, NUMBER, M_PAR, M_HANDICAP, L_PAR, L_HANDICAP, COURSE_ID) VALUES(405, 9, 5, 3, 5, 1, 25);;
INSERT INTO PUBLIC.HOLE(ID, NUMBER, M_PAR, M_HANDICAP, L_PAR, L_HANDICAP, COURSE_ID) VALUES(406, 10, 4, 4, 4, 12, 25);;
INSERT INTO PUBLIC.HOLE(ID, NUMBER, M_PAR, M_HANDICAP, L_PAR, L_HANDICAP, COURSE_ID) VALUES(407, 11, 5, 16, 5, 4, 25);;
INSERT INTO PUBLIC.HOLE(ID, NUMBER, M_PAR, M_HANDICAP, L_PAR, L_HANDICAP, COURSE_ID) VALUES(408, 12, 4, 10, 4, 6, 25);;
INSERT INTO PUBLIC.HOLE(ID, NUMBER, M_PAR, M_HANDICAP, L_PAR, L_HANDICAP, COURSE_ID) VALUES(409, 13, 4, 12, 4, 10, 25);;
INSERT INTO PUBLIC.HOLE(ID, NUMBER, M_PAR, M_HANDICAP, L_PAR, L_HANDICAP, COURSE_ID) VALUES(410, 14, 4, 2, 4, 14, 25);;
INSERT INTO PUBLIC.HOLE(ID, NUMBER, M_PAR, M_HANDICAP, L_PAR, L_HANDICAP, COURSE_ID) VALUES(411, 15, 3, 18, 3, 18, 25);;
INSERT INTO PUBLIC.HOLE(ID, NUMBER, M_PAR, M_HANDICAP, L_PAR, L_HANDICAP, COURSE_ID) VALUES(412, 16, 4, 6, 4, 8, 25);;
INSERT INTO PUBLIC.HOLE(ID, NUMBER, M_PAR, M_HANDICAP, L_PAR, L_HANDICAP, COURSE_ID) VALUES(413, 17, 3, 14, 3, 16, 25);;
INSERT INTO PUBLIC.HOLE(ID, NUMBER, M_PAR, M_HANDICAP, L_PAR, L_HANDICAP, COURSE_ID) VALUES(414, 18, 5, 8, 5, 2, 25);;
INSERT INTO PUBLIC.HOLE(ID, NUMBER, M_PAR, M_HANDICAP, L_PAR, L_HANDICAP, COURSE_ID) VALUES(415, 1, 4, 11, 4, 11, 26);;
INSERT INTO PUBLIC.HOLE(ID, NUMBER, M_PAR, M_HANDICAP, L_PAR, L_HANDICAP, COURSE_ID) VALUES(416, 2, 4, 5, 4, 5, 26);;
INSERT INTO PUBLIC.HOLE(ID, NUMBER, M_PAR, M_HANDICAP, L_PAR, L_HANDICAP, COURSE_ID) VALUES(417, 3, 5, 9, 5, 9, 26);;
INSERT INTO PUBLIC.HOLE(ID, NUMBER, M_PAR, M_HANDICAP, L_PAR, L_HANDICAP, COURSE_ID) VALUES(418, 4, 3, 13, 3, 13, 26);;
INSERT INTO PUBLIC.HOLE(ID, NUMBER, M_PAR, M_HANDICAP, L_PAR, L_HANDICAP, COURSE_ID) VALUES(419, 5, 5, 3, 5, 3, 26);;
INSERT INTO PUBLIC.HOLE(ID, NUMBER, M_PAR, M_HANDICAP, L_PAR, L_HANDICAP, COURSE_ID) VALUES(420, 6, 4, 1, 4, 1, 26);;
INSERT INTO PUBLIC.HOLE(ID, NUMBER, M_PAR, M_HANDICAP, L_PAR, L_HANDICAP, COURSE_ID) VALUES(421, 7, 3, 15, 3, 15, 26);;
INSERT INTO PUBLIC.HOLE(ID, NUMBER, M_PAR, M_HANDICAP, L_PAR, L_HANDICAP, COURSE_ID) VALUES(422, 8, 5, 7, 5, 7, 26);;
INSERT INTO PUBLIC.HOLE(ID, NUMBER, M_PAR, M_HANDICAP, L_PAR, L_HANDICAP, COURSE_ID) VALUES(423, 9, 3, 17, 3, 17, 26);;
INSERT INTO PUBLIC.HOLE(ID, NUMBER, M_PAR, M_HANDICAP, L_PAR, L_HANDICAP, COURSE_ID) VALUES(424, 10, 4, 12, 4, 12, 26);;
INSERT INTO PUBLIC.HOLE(ID, NUMBER, M_PAR, M_HANDICAP, L_PAR, L_HANDICAP, COURSE_ID) VALUES(425, 11, 3, 16, 3, 16, 26);;
INSERT INTO PUBLIC.HOLE(ID, NUMBER, M_PAR, M_HANDICAP, L_PAR, L_HANDICAP, COURSE_ID) VALUES(426, 12, 5, 8, 5, 8, 26);;
INSERT INTO PUBLIC.HOLE(ID, NUMBER, M_PAR, M_HANDICAP, L_PAR, L_HANDICAP, COURSE_ID) VALUES(427, 13, 4, 10, 4, 10, 26);;
INSERT INTO PUBLIC.HOLE(ID, NUMBER, M_PAR, M_HANDICAP, L_PAR, L_HANDICAP, COURSE_ID) VALUES(428, 14, 4, 14, 4, 14, 26);;
INSERT INTO PUBLIC.HOLE(ID, NUMBER, M_PAR, M_HANDICAP, L_PAR, L_HANDICAP, COURSE_ID) VALUES(429, 15, 4, 2, 4, 2, 26);;
INSERT INTO PUBLIC.HOLE(ID, NUMBER, M_PAR, M_HANDICAP, L_PAR, L_HANDICAP, COURSE_ID) VALUES(430, 16, 4, 4, 4, 4, 26);;
INSERT INTO PUBLIC.HOLE(ID, NUMBER, M_PAR, M_HANDICAP, L_PAR, L_HANDICAP, COURSE_ID) VALUES(431, 17, 3, 18, 3, 18, 26);;
INSERT INTO PUBLIC.HOLE(ID, NUMBER, M_PAR, M_HANDICAP, L_PAR, L_HANDICAP, COURSE_ID) VALUES(432, 18, 5, 6, 5, 6, 26);;
INSERT INTO PUBLIC.HOLE(ID, NUMBER, M_PAR, M_HANDICAP, L_PAR, L_HANDICAP, COURSE_ID) VALUES(433, 1, 4, 9, 4, 9, 27);;
INSERT INTO PUBLIC.HOLE(ID, NUMBER, M_PAR, M_HANDICAP, L_PAR, L_HANDICAP, COURSE_ID) VALUES(434, 2, 4, 13, 4, 13, 27);;
INSERT INTO PUBLIC.HOLE(ID, NUMBER, M_PAR, M_HANDICAP, L_PAR, L_HANDICAP, COURSE_ID) VALUES(435, 3, 5, 5, 5, 5, 27);;
INSERT INTO PUBLIC.HOLE(ID, NUMBER, M_PAR, M_HANDICAP, L_PAR, L_HANDICAP, COURSE_ID) VALUES(436, 4, 4, 7, 4, 7, 27);;
INSERT INTO PUBLIC.HOLE(ID, NUMBER, M_PAR, M_HANDICAP, L_PAR, L_HANDICAP, COURSE_ID) VALUES(437, 5, 3, 17, 3, 17, 27);;
INSERT INTO PUBLIC.HOLE(ID, NUMBER, M_PAR, M_HANDICAP, L_PAR, L_HANDICAP, COURSE_ID) VALUES(438, 6, 4, 1, 4, 1, 27);;
INSERT INTO PUBLIC.HOLE(ID, NUMBER, M_PAR, M_HANDICAP, L_PAR, L_HANDICAP, COURSE_ID) VALUES(439, 7, 4, 11, 4, 11, 27);;
INSERT INTO PUBLIC.HOLE(ID, NUMBER, M_PAR, M_HANDICAP, L_PAR, L_HANDICAP, COURSE_ID) VALUES(440, 8, 3, 15, 3, 15, 27);;
INSERT INTO PUBLIC.HOLE(ID, NUMBER, M_PAR, M_HANDICAP, L_PAR, L_HANDICAP, COURSE_ID) VALUES(441, 9, 5, 3, 5, 3, 27);;
INSERT INTO PUBLIC.HOLE(ID, NUMBER, M_PAR, M_HANDICAP, L_PAR, L_HANDICAP, COURSE_ID) VALUES(442, 10, 4, 4, 4, 4, 27);;
INSERT INTO PUBLIC.HOLE(ID, NUMBER, M_PAR, M_HANDICAP, L_PAR, L_HANDICAP, COURSE_ID) VALUES(443, 11, 3, 16, 3, 16, 27);;
INSERT INTO PUBLIC.HOLE(ID, NUMBER, M_PAR, M_HANDICAP, L_PAR, L_HANDICAP, COURSE_ID) VALUES(444, 12, 4, 2, 4, 2, 27);;
INSERT INTO PUBLIC.HOLE(ID, NUMBER, M_PAR, M_HANDICAP, L_PAR, L_HANDICAP, COURSE_ID) VALUES(445, 13, 4, 14, 4, 14, 27);;
INSERT INTO PUBLIC.HOLE(ID, NUMBER, M_PAR, M_HANDICAP, L_PAR, L_HANDICAP, COURSE_ID) VALUES(446, 14, 5, 10, 5, 10, 27);;
INSERT INTO PUBLIC.HOLE(ID, NUMBER, M_PAR, M_HANDICAP, L_PAR, L_HANDICAP, COURSE_ID) VALUES(447, 15, 4, 8, 4, 8, 27);;
INSERT INTO PUBLIC.HOLE(ID, NUMBER, M_PAR, M_HANDICAP, L_PAR, L_HANDICAP, COURSE_ID) VALUES(448, 16, 4, 12, 4, 12, 27);;
INSERT INTO PUBLIC.HOLE(ID, NUMBER, M_PAR, M_HANDICAP, L_PAR, L_HANDICAP, COURSE_ID) VALUES(449, 17, 3, 18, 3, 18, 27);;
INSERT INTO PUBLIC.HOLE(ID, NUMBER, M_PAR, M_HANDICAP, L_PAR, L_HANDICAP, COURSE_ID) VALUES(450, 18, 5, 6, 5, 6, 27);;
INSERT INTO PUBLIC.HOLE(ID, NUMBER, M_PAR, M_HANDICAP, L_PAR, L_HANDICAP, COURSE_ID) VALUES(451, 1, 4, 15, 4, 13, 28);;
INSERT INTO PUBLIC.HOLE(ID, NUMBER, M_PAR, M_HANDICAP, L_PAR, L_HANDICAP, COURSE_ID) VALUES(452, 2, 5, 3, 5, 7, 28);;
INSERT INTO PUBLIC.HOLE(ID, NUMBER, M_PAR, M_HANDICAP, L_PAR, L_HANDICAP, COURSE_ID) VALUES(453, 3, 5, 7, 5, 1, 28);;
INSERT INTO PUBLIC.HOLE(ID, NUMBER, M_PAR, M_HANDICAP, L_PAR, L_HANDICAP, COURSE_ID) VALUES(454, 4, 4, 13, 4, 9, 28);;
INSERT INTO PUBLIC.HOLE(ID, NUMBER, M_PAR, M_HANDICAP, L_PAR, L_HANDICAP, COURSE_ID) VALUES(455, 5, 3, 17, 3, 17, 28);;
INSERT INTO PUBLIC.HOLE(ID, NUMBER, M_PAR, M_HANDICAP, L_PAR, L_HANDICAP, COURSE_ID) VALUES(456, 6, 4, 1, 5, 5, 28);;
INSERT INTO PUBLIC.HOLE(ID, NUMBER, M_PAR, M_HANDICAP, L_PAR, L_HANDICAP, COURSE_ID) VALUES(457, 7, 3, 11, 3, 15, 28);;
INSERT INTO PUBLIC.HOLE(ID, NUMBER, M_PAR, M_HANDICAP, L_PAR, L_HANDICAP, COURSE_ID) VALUES(458, 8, 4, 9, 4, 11, 28);;
INSERT INTO PUBLIC.HOLE(ID, NUMBER, M_PAR, M_HANDICAP, L_PAR, L_HANDICAP, COURSE_ID) VALUES(459, 9, 4, 5, 4, 3, 28);;
INSERT INTO PUBLIC.HOLE(ID, NUMBER, M_PAR, M_HANDICAP, L_PAR, L_HANDICAP, COURSE_ID) VALUES(460, 10, 4, 6, 4, 10, 28);;
INSERT INTO PUBLIC.HOLE(ID, NUMBER, M_PAR, M_HANDICAP, L_PAR, L_HANDICAP, COURSE_ID) VALUES(461, 11, 4, 18, 4, 14, 28);;
INSERT INTO PUBLIC.HOLE(ID, NUMBER, M_PAR, M_HANDICAP, L_PAR, L_HANDICAP, COURSE_ID) VALUES(462, 12, 5, 14, 5, 4, 28);;
INSERT INTO PUBLIC.HOLE(ID, NUMBER, M_PAR, M_HANDICAP, L_PAR, L_HANDICAP, COURSE_ID) VALUES(463, 13, 3, 8, 3, 12, 28);;
INSERT INTO PUBLIC.HOLE(ID, NUMBER, M_PAR, M_HANDICAP, L_PAR, L_HANDICAP, COURSE_ID) VALUES(464, 14, 4, 16, 4, 8, 28);;
INSERT INTO PUBLIC.HOLE(ID, NUMBER, M_PAR, M_HANDICAP, L_PAR, L_HANDICAP, COURSE_ID) VALUES(465, 15, 4, 12, 4, 16, 28);;
INSERT INTO PUBLIC.HOLE(ID, NUMBER, M_PAR, M_HANDICAP, L_PAR, L_HANDICAP, COURSE_ID) VALUES(466, 16, 4, 2, 4, 2, 28);;
INSERT INTO PUBLIC.HOLE(ID, NUMBER, M_PAR, M_HANDICAP, L_PAR, L_HANDICAP, COURSE_ID) VALUES(467, 17, 3, 10, 3, 18, 28);;
INSERT INTO PUBLIC.HOLE(ID, NUMBER, M_PAR, M_HANDICAP, L_PAR, L_HANDICAP, COURSE_ID) VALUES(468, 18, 4, 4, 5, 6, 28);;
INSERT INTO PUBLIC.HOLE(ID, NUMBER, M_PAR, M_HANDICAP, L_PAR, L_HANDICAP, COURSE_ID) VALUES(469, 1, 4, 17, 4, 13, 29);;
INSERT INTO PUBLIC.HOLE(ID, NUMBER, M_PAR, M_HANDICAP, L_PAR, L_HANDICAP, COURSE_ID) VALUES(470, 2, 5, 1, 5, 1, 29);;
INSERT INTO PUBLIC.HOLE(ID, NUMBER, M_PAR, M_HANDICAP, L_PAR, L_HANDICAP, COURSE_ID) VALUES(471, 3, 4, 9, 4, 9, 29);;
INSERT INTO PUBLIC.HOLE(ID, NUMBER, M_PAR, M_HANDICAP, L_PAR, L_HANDICAP, COURSE_ID) VALUES(472, 4, 3, 11, 3, 15, 29);;
INSERT INTO PUBLIC.HOLE(ID, NUMBER, M_PAR, M_HANDICAP, L_PAR, L_HANDICAP, COURSE_ID) VALUES(473, 5, 4, 5, 4, 5, 29);;
INSERT INTO PUBLIC.HOLE(ID, NUMBER, M_PAR, M_HANDICAP, L_PAR, L_HANDICAP, COURSE_ID) VALUES(474, 6, 5, 3, 5, 3, 29);;
INSERT INTO PUBLIC.HOLE(ID, NUMBER, M_PAR, M_HANDICAP, L_PAR, L_HANDICAP, COURSE_ID) VALUES(475, 7, 4, 13, 4, 10, 29);;
INSERT INTO PUBLIC.HOLE(ID, NUMBER, M_PAR, M_HANDICAP, L_PAR, L_HANDICAP, COURSE_ID) VALUES(476, 8, 3, 15, 3, 17, 29);;
INSERT INTO PUBLIC.HOLE(ID, NUMBER, M_PAR, M_HANDICAP, L_PAR, L_HANDICAP, COURSE_ID) VALUES(477, 9, 4, 7, 4, 7, 29);;
INSERT INTO PUBLIC.HOLE(ID, NUMBER, M_PAR, M_HANDICAP, L_PAR, L_HANDICAP, COURSE_ID) VALUES(478, 10, 4, 14, 4, 4, 29);;
INSERT INTO PUBLIC.HOLE(ID, NUMBER, M_PAR, M_HANDICAP, L_PAR, L_HANDICAP, COURSE_ID) VALUES(479, 11, 3, 10, 3, 16, 29);;
INSERT INTO PUBLIC.HOLE(ID, NUMBER, M_PAR, M_HANDICAP, L_PAR, L_HANDICAP, COURSE_ID) VALUES(480, 12, 5, 4, 5, 8, 29);;
INSERT INTO PUBLIC.HOLE(ID, NUMBER, M_PAR, M_HANDICAP, L_PAR, L_HANDICAP, COURSE_ID) VALUES(481, 13, 4, 2, 4, 10, 29);;
INSERT INTO PUBLIC.HOLE(ID, NUMBER, M_PAR, M_HANDICAP, L_PAR, L_HANDICAP, COURSE_ID) VALUES(482, 14, 3, 18, 3, 18, 29);;
INSERT INTO PUBLIC.HOLE(ID, NUMBER, M_PAR, M_HANDICAP, L_PAR, L_HANDICAP, COURSE_ID) VALUES(483, 15, 4, 12, 4, 6, 29);;
INSERT INTO PUBLIC.HOLE(ID, NUMBER, M_PAR, M_HANDICAP, L_PAR, L_HANDICAP, COURSE_ID) VALUES(484, 16, 4, 16, 4, 14, 29);;
INSERT INTO PUBLIC.HOLE(ID, NUMBER, M_PAR, M_HANDICAP, L_PAR, L_HANDICAP, COURSE_ID) VALUES(485, 17, 5, 8, 5, 2, 29);;
INSERT INTO PUBLIC.HOLE(ID, NUMBER, M_PAR, M_HANDICAP, L_PAR, L_HANDICAP, COURSE_ID) VALUES(486, 18, 4, 6, 4, 12, 29);;
INSERT INTO PUBLIC.HOLE(ID, NUMBER, M_PAR, M_HANDICAP, L_PAR, L_HANDICAP, COURSE_ID) VALUES(487, 1, 4, 14, 4, 13, 30);;
INSERT INTO PUBLIC.HOLE(ID, NUMBER, M_PAR, M_HANDICAP, L_PAR, L_HANDICAP, COURSE_ID) VALUES(488, 2, 5, 18, 5, 3, 30);;
INSERT INTO PUBLIC.HOLE(ID, NUMBER, M_PAR, M_HANDICAP, L_PAR, L_HANDICAP, COURSE_ID) VALUES(489, 3, 3, 16, 3, 15, 30);;
INSERT INTO PUBLIC.HOLE(ID, NUMBER, M_PAR, M_HANDICAP, L_PAR, L_HANDICAP, COURSE_ID) VALUES(490, 4, 4, 8, 4, 11, 30);;
INSERT INTO PUBLIC.HOLE(ID, NUMBER, M_PAR, M_HANDICAP, L_PAR, L_HANDICAP, COURSE_ID) VALUES(491, 5, 5, 10, 5, 1, 30);;
INSERT INTO PUBLIC.HOLE(ID, NUMBER, M_PAR, M_HANDICAP, L_PAR, L_HANDICAP, COURSE_ID) VALUES(492, 6, 3, 12, 3, 17, 30);;
INSERT INTO PUBLIC.HOLE(ID, NUMBER, M_PAR, M_HANDICAP, L_PAR, L_HANDICAP, COURSE_ID) VALUES(493, 7, 4, 4, 4, 5, 30);;
INSERT INTO PUBLIC.HOLE(ID, NUMBER, M_PAR, M_HANDICAP, L_PAR, L_HANDICAP, COURSE_ID) VALUES(494, 8, 4, 2, 4, 7, 30);;
INSERT INTO PUBLIC.HOLE(ID, NUMBER, M_PAR, M_HANDICAP, L_PAR, L_HANDICAP, COURSE_ID) VALUES(495, 9, 4, 6, 4, 9, 30);;
INSERT INTO PUBLIC.HOLE(ID, NUMBER, M_PAR, M_HANDICAP, L_PAR, L_HANDICAP, COURSE_ID) VALUES(496, 10, 4, 1, 5, 4, 30);;
INSERT INTO PUBLIC.HOLE(ID, NUMBER, M_PAR, M_HANDICAP, L_PAR, L_HANDICAP, COURSE_ID) VALUES(497, 11, 3, 17, 3, 16, 30);;
INSERT INTO PUBLIC.HOLE(ID, NUMBER, M_PAR, M_HANDICAP, L_PAR, L_HANDICAP, COURSE_ID) VALUES(498, 12, 4, 7, 4, 8, 30);;
INSERT INTO PUBLIC.HOLE(ID, NUMBER, M_PAR, M_HANDICAP, L_PAR, L_HANDICAP, COURSE_ID) VALUES(499, 13, 4, 3, 4, 10, 30);;
INSERT INTO PUBLIC.HOLE(ID, NUMBER, M_PAR, M_HANDICAP, L_PAR, L_HANDICAP, COURSE_ID) VALUES(500, 14, 4, 11, 4, 12, 30);;
INSERT INTO PUBLIC.HOLE(ID, NUMBER, M_PAR, M_HANDICAP, L_PAR, L_HANDICAP, COURSE_ID) VALUES(501, 15, 5, 13, 5, 2, 30);;
INSERT INTO PUBLIC.HOLE(ID, NUMBER, M_PAR, M_HANDICAP, L_PAR, L_HANDICAP, COURSE_ID) VALUES(502, 16, 3, 5, 3, 18, 30);;
INSERT INTO PUBLIC.HOLE(ID, NUMBER, M_PAR, M_HANDICAP, L_PAR, L_HANDICAP, COURSE_ID) VALUES(503, 17, 4, 9, 4, 6, 30);;
INSERT INTO PUBLIC.HOLE(ID, NUMBER, M_PAR, M_HANDICAP, L_PAR, L_HANDICAP, COURSE_ID) VALUES(504, 18, 4, 15, 4, 14, 30);;
INSERT INTO PUBLIC.TEE_SET(ID, NAME, COLOR, L_COURSE_RATING, L_SLOPE_RATING, M_COURSE_RATING, M_SLOPE_RATING, POS, COURSE_ID) VALUES(1, 'Ladies', 'red', 57.5, 89.0, NULL, NULL, 3, 1);;
INSERT INTO PUBLIC.TEE_SET(ID, NAME, COLOR, L_COURSE_RATING, L_SLOPE_RATING, M_COURSE_RATING, M_SLOPE_RATING, POS, COURSE_ID) VALUES(2, 'Normal', 'white', 58.6, 95.0, 58.6, 95.0, 2, 1);;
INSERT INTO PUBLIC.TEE_SET(ID, NAME, COLOR, L_COURSE_RATING, L_SLOPE_RATING, M_COURSE_RATING, M_SLOPE_RATING, POS, COURSE_ID) VALUES(3, 'Medal', 'blue', NULL, NULL, 60.6, 96.0, 1, 1);;
INSERT INTO PUBLIC.TEE_SET(ID, NAME, COLOR, L_COURSE_RATING, L_SLOPE_RATING, M_COURSE_RATING, M_SLOPE_RATING, POS, COURSE_ID) VALUES(6, 'Gold', 'gold', NULL, NULL, 72.8, 131.0, 1, 6);;
INSERT INTO PUBLIC.TEE_SET(ID, NAME, COLOR, L_COURSE_RATING, L_SLOPE_RATING, M_COURSE_RATING, M_SLOPE_RATING, POS, COURSE_ID) VALUES(7, 'Red', 'red', 73.2, 130.0, NULL, NULL, 4, 6);;
INSERT INTO PUBLIC.TEE_SET(ID, NAME, COLOR, L_COURSE_RATING, L_SLOPE_RATING, M_COURSE_RATING, M_SLOPE_RATING, POS, COURSE_ID) VALUES(8, 'White', 'white', NULL, NULL, 69.8, 122.0, 3, 6);;
INSERT INTO PUBLIC.TEE_SET(ID, NAME, COLOR, L_COURSE_RATING, L_SLOPE_RATING, M_COURSE_RATING, M_SLOPE_RATING, POS, COURSE_ID) VALUES(9, 'Blue', 'blue', NULL, NULL, 71.6, 129.0, 2, 6);;
INSERT INTO PUBLIC.TEE_SET(ID, NAME, COLOR, L_COURSE_RATING, L_SLOPE_RATING, M_COURSE_RATING, M_SLOPE_RATING, POS, COURSE_ID) VALUES(10, 'Green', 'green', NULL, NULL, 72.3, 138.0, 1, 7);;
INSERT INTO PUBLIC.TEE_SET(ID, NAME, COLOR, L_COURSE_RATING, L_SLOPE_RATING, M_COURSE_RATING, M_SLOPE_RATING, POS, COURSE_ID) VALUES(11, 'Blue', 'blue', NULL, NULL, 70.2, 129.0, 2, 7);;
INSERT INTO PUBLIC.TEE_SET(ID, NAME, COLOR, L_COURSE_RATING, L_SLOPE_RATING, M_COURSE_RATING, M_SLOPE_RATING, POS, COURSE_ID) VALUES(12, 'Gold', 'gold', 74.3, 139.0, 67.8, 124.0, 3, 7);;
INSERT INTO PUBLIC.TEE_SET(ID, NAME, COLOR, L_COURSE_RATING, L_SLOPE_RATING, M_COURSE_RATING, M_SLOPE_RATING, POS, COURSE_ID) VALUES(13, 'White', 'white', 70.5, 123.0, NULL, NULL, 4, 7);;
INSERT INTO PUBLIC.TEE_SET(ID, NAME, COLOR, L_COURSE_RATING, L_SLOPE_RATING, M_COURSE_RATING, M_SLOPE_RATING, POS, COURSE_ID) VALUES(14, 'Medal', 'gold', NULL, NULL, 73.5, 135.0, 1, 8);;
INSERT INTO PUBLIC.TEE_SET(ID, NAME, COLOR, L_COURSE_RATING, L_SLOPE_RATING, M_COURSE_RATING, M_SLOPE_RATING, POS, COURSE_ID) VALUES(15, 'Ross', 'blue', NULL, NULL, 71.4, 127.0, 2, 8);;
INSERT INTO PUBLIC.TEE_SET(ID, NAME, COLOR, L_COURSE_RATING, L_SLOPE_RATING, M_COURSE_RATING, M_SLOPE_RATING, POS, COURSE_ID) VALUES(16, 'Regular', 'white', NULL, NULL, 68.5, 120.0, 3, 8);;
INSERT INTO PUBLIC.TEE_SET(ID, NAME, COLOR, L_COURSE_RATING, L_SLOPE_RATING, M_COURSE_RATING, M_SLOPE_RATING, POS, COURSE_ID) VALUES(17, 'Forward', 'red', 68.6, 119.0, NULL, NULL, 4, 8);;
INSERT INTO PUBLIC.TEE_SET(ID, NAME, COLOR, L_COURSE_RATING, L_SLOPE_RATING, M_COURSE_RATING, M_SLOPE_RATING, POS, COURSE_ID) VALUES(18, 'Senior', 'silver', 66.8, 115.0, NULL, NULL, 5, 8);;
INSERT INTO PUBLIC.TEE_SET(ID, NAME, COLOR, L_COURSE_RATING, L_SLOPE_RATING, M_COURSE_RATING, M_SLOPE_RATING, POS, COURSE_ID) VALUES(19, 'Black', 'black', NULL, NULL, 73.5, 138.0, 1, 9);;
INSERT INTO PUBLIC.TEE_SET(ID, NAME, COLOR, L_COURSE_RATING, L_SLOPE_RATING, M_COURSE_RATING, M_SLOPE_RATING, POS, COURSE_ID) VALUES(20, 'Blue', 'blue', NULL, NULL, 71.0, 134.0, 2, 9);;
INSERT INTO PUBLIC.TEE_SET(ID, NAME, COLOR, L_COURSE_RATING, L_SLOPE_RATING, M_COURSE_RATING, M_SLOPE_RATING, POS, COURSE_ID) VALUES(21, 'White', 'white', NULL, NULL, 69.1, 122.0, 3, 9);;
INSERT INTO PUBLIC.TEE_SET(ID, NAME, COLOR, L_COURSE_RATING, L_SLOPE_RATING, M_COURSE_RATING, M_SLOPE_RATING, POS, COURSE_ID) VALUES(22, 'Red', 'red', 70.5, 123.0, NULL, NULL, 4, 9);;
INSERT INTO PUBLIC.TEE_SET(ID, NAME, COLOR, L_COURSE_RATING, L_SLOPE_RATING, M_COURSE_RATING, M_SLOPE_RATING, POS, COURSE_ID) VALUES(23, 'Gold', 'gold', NULL, NULL, 73.7, 133.0, 1, 10);;
INSERT INTO PUBLIC.TEE_SET(ID, NAME, COLOR, L_COURSE_RATING, L_SLOPE_RATING, M_COURSE_RATING, M_SLOPE_RATING, POS, COURSE_ID) VALUES(24, 'Blue', 'blue', NULL, NULL, 71.9, 129.0, 2, 10);;
INSERT INTO PUBLIC.TEE_SET(ID, NAME, COLOR, L_COURSE_RATING, L_SLOPE_RATING, M_COURSE_RATING, M_SLOPE_RATING, POS, COURSE_ID) VALUES(25, 'White', 'white', NULL, NULL, 70.1, 126.0, 3, 10);;
INSERT INTO PUBLIC.TEE_SET(ID, NAME, COLOR, L_COURSE_RATING, L_SLOPE_RATING, M_COURSE_RATING, M_SLOPE_RATING, POS, COURSE_ID) VALUES(26, 'Red', 'red', 70.3, 126.0, NULL, NULL, 4, 10);;
INSERT INTO PUBLIC.TEE_SET(ID, NAME, COLOR, L_COURSE_RATING, L_SLOPE_RATING, M_COURSE_RATING, M_SLOPE_RATING, POS, COURSE_ID) VALUES(27, 'Falcon', 'black', NULL, NULL, 75.2, 137.0, 1, 11);;
INSERT INTO PUBLIC.TEE_SET(ID, NAME, COLOR, L_COURSE_RATING, L_SLOPE_RATING, M_COURSE_RATING, M_SLOPE_RATING, POS, COURSE_ID) VALUES(28, 'Hawk', 'silver', NULL, NULL, 72.1, 130.0, 2, 11);;
INSERT INTO PUBLIC.TEE_SET(ID, NAME, COLOR, L_COURSE_RATING, L_SLOPE_RATING, M_COURSE_RATING, M_SLOPE_RATING, POS, COURSE_ID) VALUES(29, 'Eagle', 'red', NULL, NULL, 74.0, 125.0, 3, 11);;
INSERT INTO PUBLIC.TEE_SET(ID, NAME, COLOR, L_COURSE_RATING, L_SLOPE_RATING, M_COURSE_RATING, M_SLOPE_RATING, POS, COURSE_ID) VALUES(30, 'Owl', 'white', 69.7, 116.0, NULL, NULL, 4, 11);;
INSERT INTO PUBLIC.TEE_SET(ID, NAME, COLOR, L_COURSE_RATING, L_SLOPE_RATING, M_COURSE_RATING, M_SLOPE_RATING, POS, COURSE_ID) VALUES(31, 'Black', 'black', NULL, NULL, 72.2, 137.0, 1, 12);;
INSERT INTO PUBLIC.TEE_SET(ID, NAME, COLOR, L_COURSE_RATING, L_SLOPE_RATING, M_COURSE_RATING, M_SLOPE_RATING, POS, COURSE_ID) VALUES(32, 'Blue', 'blue', NULL, NULL, 69.5, 126.0, 2, 12);;
INSERT INTO PUBLIC.TEE_SET(ID, NAME, COLOR, L_COURSE_RATING, L_SLOPE_RATING, M_COURSE_RATING, M_SLOPE_RATING, POS, COURSE_ID) VALUES(33, 'White', 'white', NULL, NULL, 67.1, 116.0, 3, 12);;
INSERT INTO PUBLIC.TEE_SET(ID, NAME, COLOR, L_COURSE_RATING, L_SLOPE_RATING, M_COURSE_RATING, M_SLOPE_RATING, POS, COURSE_ID) VALUES(34, 'Red', 'red', 68.5, 123.0, NULL, NULL, 4, 12);;
INSERT INTO PUBLIC.TEE_SET(ID, NAME, COLOR, L_COURSE_RATING, L_SLOPE_RATING, M_COURSE_RATING, M_SLOPE_RATING, POS, COURSE_ID) VALUES(35, 'Slag', 'black', NULL, NULL, 75.8, 135.0, 1, 13);;
INSERT INTO PUBLIC.TEE_SET(ID, NAME, COLOR, L_COURSE_RATING, L_SLOPE_RATING, M_COURSE_RATING, M_SLOPE_RATING, POS, COURSE_ID) VALUES(36, 'Gold', 'gold', NULL, NULL, 73.4, 131.0, 2, 13);;
INSERT INTO PUBLIC.TEE_SET(ID, NAME, COLOR, L_COURSE_RATING, L_SLOPE_RATING, M_COURSE_RATING, M_SLOPE_RATING, POS, COURSE_ID) VALUES(37, 'Copper', 'orange', NULL, NULL, 71.6, 125.0, 3, 13);;
INSERT INTO PUBLIC.TEE_SET(ID, NAME, COLOR, L_COURSE_RATING, L_SLOPE_RATING, M_COURSE_RATING, M_SLOPE_RATING, POS, COURSE_ID) VALUES(38, 'Limestone', 'white', 74.3, 133.0, 68.5, 113.0, 4, 13);;
INSERT INTO PUBLIC.TEE_SET(ID, NAME, COLOR, L_COURSE_RATING, L_SLOPE_RATING, M_COURSE_RATING, M_SLOPE_RATING, POS, COURSE_ID) VALUES(39, 'Brick', 'red', 70.1, 122.0, 65.0, 103.0, 5, 13);;
INSERT INTO PUBLIC.TEE_SET(ID, NAME, COLOR, L_COURSE_RATING, L_SLOPE_RATING, M_COURSE_RATING, M_SLOPE_RATING, POS, COURSE_ID) VALUES(40, 'Black', 'black', NULL, NULL, 142.0, 74.9, 1, 14);;
INSERT INTO PUBLIC.TEE_SET(ID, NAME, COLOR, L_COURSE_RATING, L_SLOPE_RATING, M_COURSE_RATING, M_SLOPE_RATING, POS, COURSE_ID) VALUES(41, 'Blue', 'blue', NULL, NULL, 135.0, 72.6, 2, 14);;
INSERT INTO PUBLIC.TEE_SET(ID, NAME, COLOR, L_COURSE_RATING, L_SLOPE_RATING, M_COURSE_RATING, M_SLOPE_RATING, POS, COURSE_ID) VALUES(42, 'White', 'white', 134.0, 74.8, 130.0, 70.1, 3, 14);;
INSERT INTO PUBLIC.TEE_SET(ID, NAME, COLOR, L_COURSE_RATING, L_SLOPE_RATING, M_COURSE_RATING, M_SLOPE_RATING, POS, COURSE_ID) VALUES(43, 'Red', 'red', 121.0, 70.4, NULL, NULL, 4, 14);;
INSERT INTO PUBLIC.TEE_SET(ID, NAME, COLOR, L_COURSE_RATING, L_SLOPE_RATING, M_COURSE_RATING, M_SLOPE_RATING, POS, COURSE_ID) VALUES(44, 'Black', 'black', NULL, NULL, 73.3, 130.0, 1, 15);;
INSERT INTO PUBLIC.TEE_SET(ID, NAME, COLOR, L_COURSE_RATING, L_SLOPE_RATING, M_COURSE_RATING, M_SLOPE_RATING, POS, COURSE_ID) VALUES(45, 'Orange', 'orange', NULL, NULL, 69.7, 122.0, 2, 15);;
INSERT INTO PUBLIC.TEE_SET(ID, NAME, COLOR, L_COURSE_RATING, L_SLOPE_RATING, M_COURSE_RATING, M_SLOPE_RATING, POS, COURSE_ID) VALUES(46, 'Yellow', 'yellow', NULL, NULL, 67.9, 118.0, 3, 15);;
INSERT INTO PUBLIC.TEE_SET(ID, NAME, COLOR, L_COURSE_RATING, L_SLOPE_RATING, M_COURSE_RATING, M_SLOPE_RATING, POS, COURSE_ID) VALUES(47, 'Blue', 'blue', 71.2, 116.0, NULL, NULL, 4, 15);;
INSERT INTO PUBLIC.TEE_SET(ID, NAME, COLOR, L_COURSE_RATING, L_SLOPE_RATING, M_COURSE_RATING, M_SLOPE_RATING, POS, COURSE_ID) VALUES(48, 'Gold', 'gold', NULL, NULL, 75.1, 139.0, 1, 16);;
INSERT INTO PUBLIC.TEE_SET(ID, NAME, COLOR, L_COURSE_RATING, L_SLOPE_RATING, M_COURSE_RATING, M_SLOPE_RATING, POS, COURSE_ID) VALUES(49, 'Blue', 'blue', NULL, NULL, 73.6, 133.0, 2, 16);;
INSERT INTO PUBLIC.TEE_SET(ID, NAME, COLOR, L_COURSE_RATING, L_SLOPE_RATING, M_COURSE_RATING, M_SLOPE_RATING, POS, COURSE_ID) VALUES(50, 'KNC', 'orange', NULL, NULL, 71.7, 130.0, 3, 16);;
INSERT INTO PUBLIC.TEE_SET(ID, NAME, COLOR, L_COURSE_RATING, L_SLOPE_RATING, M_COURSE_RATING, M_SLOPE_RATING, POS, COURSE_ID) VALUES(51, 'White', 'white', 77.7, 139.0, 70.6, 127.0, 4, 16);;
INSERT INTO PUBLIC.TEE_SET(ID, NAME, COLOR, L_COURSE_RATING, L_SLOPE_RATING, M_COURSE_RATING, M_SLOPE_RATING, POS, COURSE_ID) VALUES(52, 'Silver', 'silver', 75.2, 138.0, 69.2, 124.0, 5, 16);;
INSERT INTO PUBLIC.TEE_SET(ID, NAME, COLOR, L_COURSE_RATING, L_SLOPE_RATING, M_COURSE_RATING, M_SLOPE_RATING, POS, COURSE_ID) VALUES(53, 'Red', 'red', 73.5, 134.0, NULL, NULL, 6, 16);;
INSERT INTO PUBLIC.TEE_SET(ID, NAME, COLOR, L_COURSE_RATING, L_SLOPE_RATING, M_COURSE_RATING, M_SLOPE_RATING, POS, COURSE_ID) VALUES(58, 'Gold', 'gold', NULL, NULL, 74.6, 136.0, 1, 18);;
INSERT INTO PUBLIC.TEE_SET(ID, NAME, COLOR, L_COURSE_RATING, L_SLOPE_RATING, M_COURSE_RATING, M_SLOPE_RATING, POS, COURSE_ID) VALUES(59, 'Blue', 'blue', NULL, NULL, 72.4, 130.0, 2, 18);;
INSERT INTO PUBLIC.TEE_SET(ID, NAME, COLOR, L_COURSE_RATING, L_SLOPE_RATING, M_COURSE_RATING, M_SLOPE_RATING, POS, COURSE_ID) VALUES(60, 'Silver', 'silver', 74.3, 136.0, 70.4, 125.0, 3, 18);;
INSERT INTO PUBLIC.TEE_SET(ID, NAME, COLOR, L_COURSE_RATING, L_SLOPE_RATING, M_COURSE_RATING, M_SLOPE_RATING, POS, COURSE_ID) VALUES(61, 'Red', 'red', 70.9, 127.0, NULL, NULL, 4, 18);;
INSERT INTO PUBLIC.TEE_SET(ID, NAME, COLOR, L_COURSE_RATING, L_SLOPE_RATING, M_COURSE_RATING, M_SLOPE_RATING, POS, COURSE_ID) VALUES(62, 'Black', 'black', NULL, NULL, 71.4, 131.0, 1, 19);;
INSERT INTO PUBLIC.TEE_SET(ID, NAME, COLOR, L_COURSE_RATING, L_SLOPE_RATING, M_COURSE_RATING, M_SLOPE_RATING, POS, COURSE_ID) VALUES(63, 'Blue', 'blue', NULL, NULL, 69.9, 127.0, 2, 19);;
INSERT INTO PUBLIC.TEE_SET(ID, NAME, COLOR, L_COURSE_RATING, L_SLOPE_RATING, M_COURSE_RATING, M_SLOPE_RATING, POS, COURSE_ID) VALUES(64, 'White', 'white', 73.3, 135.0, 67.7, 123.0, 3, 19);;
INSERT INTO PUBLIC.TEE_SET(ID, NAME, COLOR, L_COURSE_RATING, L_SLOPE_RATING, M_COURSE_RATING, M_SLOPE_RATING, POS, COURSE_ID) VALUES(65, 'Red', 'red', 70.2, 126.0, NULL, NULL, 4, 19);;
INSERT INTO PUBLIC.TEE_SET(ID, NAME, COLOR, L_COURSE_RATING, L_SLOPE_RATING, M_COURSE_RATING, M_SLOPE_RATING, POS, COURSE_ID) VALUES(66, 'Gold', 'gold', NULL, NULL, 70.3, 127.0, 1, 20);;
INSERT INTO PUBLIC.TEE_SET(ID, NAME, COLOR, L_COURSE_RATING, L_SLOPE_RATING, M_COURSE_RATING, M_SLOPE_RATING, POS, COURSE_ID) VALUES(67, 'Blue', 'blue', NULL, NULL, 68.1, 122.0, 2, 20);;
INSERT INTO PUBLIC.TEE_SET(ID, NAME, COLOR, L_COURSE_RATING, L_SLOPE_RATING, M_COURSE_RATING, M_SLOPE_RATING, POS, COURSE_ID) VALUES(68, 'White', 'white', NULL, NULL, 65.8, 117.0, 3, 20);;
INSERT INTO PUBLIC.TEE_SET(ID, NAME, COLOR, L_COURSE_RATING, L_SLOPE_RATING, M_COURSE_RATING, M_SLOPE_RATING, POS, COURSE_ID) VALUES(69, 'Red', 'red', 67.9, 119.0, NULL, NULL, 4, 20);;
INSERT INTO PUBLIC.TEE_SET(ID, NAME, COLOR, L_COURSE_RATING, L_SLOPE_RATING, M_COURSE_RATING, M_SLOPE_RATING, POS, COURSE_ID) VALUES(70, 'Black', 'black', NULL, NULL, NULL, NULL, 1, 21);;
INSERT INTO PUBLIC.TEE_SET(ID, NAME, COLOR, L_COURSE_RATING, L_SLOPE_RATING, M_COURSE_RATING, M_SLOPE_RATING, POS, COURSE_ID) VALUES(71, 'Blue', 'blue', NULL, NULL, NULL, NULL, 2, 21);;
INSERT INTO PUBLIC.TEE_SET(ID, NAME, COLOR, L_COURSE_RATING, L_SLOPE_RATING, M_COURSE_RATING, M_SLOPE_RATING, POS, COURSE_ID) VALUES(72, 'White', 'white', NULL, NULL, NULL, NULL, 3, 21);;
INSERT INTO PUBLIC.TEE_SET(ID, NAME, COLOR, L_COURSE_RATING, L_SLOPE_RATING, M_COURSE_RATING, M_SLOPE_RATING, POS, COURSE_ID) VALUES(73, 'Red', 'red', NULL, NULL, NULL, NULL, 4, 21);;
INSERT INTO PUBLIC.TEE_SET(ID, NAME, COLOR, L_COURSE_RATING, L_SLOPE_RATING, M_COURSE_RATING, M_SLOPE_RATING, POS, COURSE_ID) VALUES(74, 'Red', 'red', NULL, NULL, 75.0, 143.0, 1, 22);;
INSERT INTO PUBLIC.TEE_SET(ID, NAME, COLOR, L_COURSE_RATING, L_SLOPE_RATING, M_COURSE_RATING, M_SLOPE_RATING, POS, COURSE_ID) VALUES(75, 'Black', 'black', NULL, NULL, 73.0, 135.0, 2, 22);;
INSERT INTO PUBLIC.TEE_SET(ID, NAME, COLOR, L_COURSE_RATING, L_SLOPE_RATING, M_COURSE_RATING, M_SLOPE_RATING, POS, COURSE_ID) VALUES(76, 'White', 'white', NULL, NULL, 71.0, 131.0, 3, 22);;
INSERT INTO PUBLIC.TEE_SET(ID, NAME, COLOR, L_COURSE_RATING, L_SLOPE_RATING, M_COURSE_RATING, M_SLOPE_RATING, POS, COURSE_ID) VALUES(77, 'Silver', 'silver', NULL, NULL, 70.0, 126.0, 4, 22);;
INSERT INTO PUBLIC.TEE_SET(ID, NAME, COLOR, L_COURSE_RATING, L_SLOPE_RATING, M_COURSE_RATING, M_SLOPE_RATING, POS, COURSE_ID) VALUES(78, 'Gold', 'gold', NULL, NULL, 74.2, 130.0, 1, 23);;
INSERT INTO PUBLIC.TEE_SET(ID, NAME, COLOR, L_COURSE_RATING, L_SLOPE_RATING, M_COURSE_RATING, M_SLOPE_RATING, POS, COURSE_ID) VALUES(79, 'Blue', 'blue', NULL, NULL, 71.2, 121.0, 2, 23);;
INSERT INTO PUBLIC.TEE_SET(ID, NAME, COLOR, L_COURSE_RATING, L_SLOPE_RATING, M_COURSE_RATING, M_SLOPE_RATING, POS, COURSE_ID) VALUES(80, 'Aldeen', 'green', 75.3, 131.0, 69.9, 121.0, 3, 23);;
INSERT INTO PUBLIC.TEE_SET(ID, NAME, COLOR, L_COURSE_RATING, L_SLOPE_RATING, M_COURSE_RATING, M_SLOPE_RATING, POS, COURSE_ID) VALUES(81, 'White', 'white', 73.0, 126.0, 68.0, 118.0, 4, 23);;
INSERT INTO PUBLIC.TEE_SET(ID, NAME, COLOR, L_COURSE_RATING, L_SLOPE_RATING, M_COURSE_RATING, M_SLOPE_RATING, POS, COURSE_ID) VALUES(82, 'Red', 'red', 69.1, 117.0, NULL, NULL, 5, 23);;
INSERT INTO PUBLIC.TEE_SET(ID, NAME, COLOR, L_COURSE_RATING, L_SLOPE_RATING, M_COURSE_RATING, M_SLOPE_RATING, POS, COURSE_ID) VALUES(83, 'Green', 'green', NULL, NULL, 73.5, 135.0, 1, 24);;
INSERT INTO PUBLIC.TEE_SET(ID, NAME, COLOR, L_COURSE_RATING, L_SLOPE_RATING, M_COURSE_RATING, M_SLOPE_RATING, POS, COURSE_ID) VALUES(84, 'Blue', 'blue', NULL, NULL, 71.0, 129.0, 2, 24);;
INSERT INTO PUBLIC.TEE_SET(ID, NAME, COLOR, L_COURSE_RATING, L_SLOPE_RATING, M_COURSE_RATING, M_SLOPE_RATING, POS, COURSE_ID) VALUES(85, 'White', 'white', NULL, NULL, 69.2, 123.0, 3, 24);;
INSERT INTO PUBLIC.TEE_SET(ID, NAME, COLOR, L_COURSE_RATING, L_SLOPE_RATING, M_COURSE_RATING, M_SLOPE_RATING, POS, COURSE_ID) VALUES(86, 'Red', 'red', 69.3, 113.0, NULL, NULL, 4, 24);;
INSERT INTO PUBLIC.TEE_SET(ID, NAME, COLOR, L_COURSE_RATING, L_SLOPE_RATING, M_COURSE_RATING, M_SLOPE_RATING, POS, COURSE_ID) VALUES(87, 'Gold', 'gold', NULL, NULL, 78.0, 142.0, 1, 25);;
INSERT INTO PUBLIC.TEE_SET(ID, NAME, COLOR, L_COURSE_RATING, L_SLOPE_RATING, M_COURSE_RATING, M_SLOPE_RATING, POS, COURSE_ID) VALUES(88, 'Blue', 'blue', NULL, NULL, 75.2, 136.0, 2, 25);;
INSERT INTO PUBLIC.TEE_SET(ID, NAME, COLOR, L_COURSE_RATING, L_SLOPE_RATING, M_COURSE_RATING, M_SLOPE_RATING, POS, COURSE_ID) VALUES(89, 'White', 'white', NULL, NULL, 72.3, 132.0, 3, 25);;
INSERT INTO PUBLIC.TEE_SET(ID, NAME, COLOR, L_COURSE_RATING, L_SLOPE_RATING, M_COURSE_RATING, M_SLOPE_RATING, POS, COURSE_ID) VALUES(90, 'Red', 'red', 72.0, 134.0, NULL, NULL, 4, 25);;
INSERT INTO PUBLIC.TEE_SET(ID, NAME, COLOR, L_COURSE_RATING, L_SLOPE_RATING, M_COURSE_RATING, M_SLOPE_RATING, POS, COURSE_ID) VALUES(91, 'Gold', 'gold', NULL, NULL, 73.1, 135.0, 1, 26);;
INSERT INTO PUBLIC.TEE_SET(ID, NAME, COLOR, L_COURSE_RATING, L_SLOPE_RATING, M_COURSE_RATING, M_SLOPE_RATING, POS, COURSE_ID) VALUES(92, 'Blue', 'blue', NULL, NULL, 71.7, 134.0, 2, 26);;
INSERT INTO PUBLIC.TEE_SET(ID, NAME, COLOR, L_COURSE_RATING, L_SLOPE_RATING, M_COURSE_RATING, M_SLOPE_RATING, POS, COURSE_ID) VALUES(93, 'White', 'white', 75.3, 136.0, 69.0, 121.0, 3, 26);;
INSERT INTO PUBLIC.TEE_SET(ID, NAME, COLOR, L_COURSE_RATING, L_SLOPE_RATING, M_COURSE_RATING, M_SLOPE_RATING, POS, COURSE_ID) VALUES(94, 'Red', 'red', 70.3, 120.0, NULL, NULL, 4, 26);;
INSERT INTO PUBLIC.TEE_SET(ID, NAME, COLOR, L_COURSE_RATING, L_SLOPE_RATING, M_COURSE_RATING, M_SLOPE_RATING, POS, COURSE_ID) VALUES(95, 'Talon', 'silver', NULL, NULL, 73.6, 143.0, 1, 27);;
INSERT INTO PUBLIC.TEE_SET(ID, NAME, COLOR, L_COURSE_RATING, L_SLOPE_RATING, M_COURSE_RATING, M_SLOPE_RATING, POS, COURSE_ID) VALUES(96, 'Palo Verde', 'green', NULL, NULL, 70.6, 133.0, 2, 27);;
INSERT INTO PUBLIC.TEE_SET(ID, NAME, COLOR, L_COURSE_RATING, L_SLOPE_RATING, M_COURSE_RATING, M_SLOPE_RATING, POS, COURSE_ID) VALUES(97, 'Terra Cotta', 'orange', 73.6, 133.0, 68.0, 120.0, 3, 27);;
INSERT INTO PUBLIC.TEE_SET(ID, NAME, COLOR, L_COURSE_RATING, L_SLOPE_RATING, M_COURSE_RATING, M_SLOPE_RATING, POS, COURSE_ID) VALUES(98, 'Heather', 'black', 70.0, 121.0, NULL, NULL, 4, 27);;
INSERT INTO PUBLIC.TEE_SET(ID, NAME, COLOR, L_COURSE_RATING, L_SLOPE_RATING, M_COURSE_RATING, M_SLOPE_RATING, POS, COURSE_ID) VALUES(99, 'Blue', 'blue', NULL, NULL, 71.0, 129.0, 1, 28);;
INSERT INTO PUBLIC.TEE_SET(ID, NAME, COLOR, L_COURSE_RATING, L_SLOPE_RATING, M_COURSE_RATING, M_SLOPE_RATING, POS, COURSE_ID) VALUES(100, 'White', 'white', NULL, NULL, 69.4, 125.0, 2, 28);;
INSERT INTO PUBLIC.TEE_SET(ID, NAME, COLOR, L_COURSE_RATING, L_SLOPE_RATING, M_COURSE_RATING, M_SLOPE_RATING, POS, COURSE_ID) VALUES(101, 'Red', 'red', 73.5, 125.0, NULL, NULL, 3, 28);;
INSERT INTO PUBLIC.TEE_SET(ID, NAME, COLOR, L_COURSE_RATING, L_SLOPE_RATING, M_COURSE_RATING, M_SLOPE_RATING, POS, COURSE_ID) VALUES(102, 'Black', 'black', NULL, NULL, 73.0, 131.0, 1, 29);;
INSERT INTO PUBLIC.TEE_SET(ID, NAME, COLOR, L_COURSE_RATING, L_SLOPE_RATING, M_COURSE_RATING, M_SLOPE_RATING, POS, COURSE_ID) VALUES(103, 'Blue', 'blue', NULL, NULL, 71.6, 128.0, 2, 29);;
INSERT INTO PUBLIC.TEE_SET(ID, NAME, COLOR, L_COURSE_RATING, L_SLOPE_RATING, M_COURSE_RATING, M_SLOPE_RATING, POS, COURSE_ID) VALUES(104, 'Green', 'green', NULL, NULL, 69.0, 121.0, 3, 29);;
INSERT INTO PUBLIC.TEE_SET(ID, NAME, COLOR, L_COURSE_RATING, L_SLOPE_RATING, M_COURSE_RATING, M_SLOPE_RATING, POS, COURSE_ID) VALUES(105, 'Orange', 'orange', 68.5, 114.0, NULL, NULL, 4, 29);;
INSERT INTO PUBLIC.TEE_SET(ID, NAME, COLOR, L_COURSE_RATING, L_SLOPE_RATING, M_COURSE_RATING, M_SLOPE_RATING, POS, COURSE_ID) VALUES(106, 'Gold', 'gold', NULL, NULL, 73.7, 136.0, 1, 30);;
INSERT INTO PUBLIC.TEE_SET(ID, NAME, COLOR, L_COURSE_RATING, L_SLOPE_RATING, M_COURSE_RATING, M_SLOPE_RATING, POS, COURSE_ID) VALUES(107, 'Black', 'black', 77.9, 138.0, 72.0, 132.0, 2, 30);;
INSERT INTO PUBLIC.TEE_SET(ID, NAME, COLOR, L_COURSE_RATING, L_SLOPE_RATING, M_COURSE_RATING, M_SLOPE_RATING, POS, COURSE_ID) VALUES(108, 'Silver', 'silver', 73.4, 127.0, 69.2, 127.0, 3, 30);;
INSERT INTO PUBLIC.TEE(TEE_SET_ID, HOLE_ID, DISTANCE) VALUES(1, 1, 338);;
INSERT INTO PUBLIC.TEE(TEE_SET_ID, HOLE_ID, DISTANCE) VALUES(1, 2, 124);;
INSERT INTO PUBLIC.TEE(TEE_SET_ID, HOLE_ID, DISTANCE) VALUES(1, 3, 221);;
INSERT INTO PUBLIC.TEE(TEE_SET_ID, HOLE_ID, DISTANCE) VALUES(1, 4, 263);;
INSERT INTO PUBLIC.TEE(TEE_SET_ID, HOLE_ID, DISTANCE) VALUES(1, 5, 268);;
INSERT INTO PUBLIC.TEE(TEE_SET_ID, HOLE_ID, DISTANCE) VALUES(1, 6, 103);;
INSERT INTO PUBLIC.TEE(TEE_SET_ID, HOLE_ID, DISTANCE) VALUES(1, 7, 94);;
INSERT INTO PUBLIC.TEE(TEE_SET_ID, HOLE_ID, DISTANCE) VALUES(1, 8, 108);;
INSERT INTO PUBLIC.TEE(TEE_SET_ID, HOLE_ID, DISTANCE) VALUES(1, 9, 120);;
INSERT INTO PUBLIC.TEE(TEE_SET_ID, HOLE_ID, DISTANCE) VALUES(1, 10, 61);;
INSERT INTO PUBLIC.TEE(TEE_SET_ID, HOLE_ID, DISTANCE) VALUES(1, 11, 75);;
INSERT INTO PUBLIC.TEE(TEE_SET_ID, HOLE_ID, DISTANCE) VALUES(1, 12, 90);;
INSERT INTO PUBLIC.TEE(TEE_SET_ID, HOLE_ID, DISTANCE) VALUES(1, 13, 284);;
INSERT INTO PUBLIC.TEE(TEE_SET_ID, HOLE_ID, DISTANCE) VALUES(1, 14, 254);;
INSERT INTO PUBLIC.TEE(TEE_SET_ID, HOLE_ID, DISTANCE) VALUES(1, 15, 113);;
INSERT INTO PUBLIC.TEE(TEE_SET_ID, HOLE_ID, DISTANCE) VALUES(1, 16, 81);;
INSERT INTO PUBLIC.TEE(TEE_SET_ID, HOLE_ID, DISTANCE) VALUES(1, 17, 250);;
INSERT INTO PUBLIC.TEE(TEE_SET_ID, HOLE_ID, DISTANCE) VALUES(1, 18, 297);;
INSERT INTO PUBLIC.TEE(TEE_SET_ID, HOLE_ID, DISTANCE) VALUES(2, 1, 382);;
INSERT INTO PUBLIC.TEE(TEE_SET_ID, HOLE_ID, DISTANCE) VALUES(2, 2, 168);;
INSERT INTO PUBLIC.TEE(TEE_SET_ID, HOLE_ID, DISTANCE) VALUES(2, 3, 278);;
INSERT INTO PUBLIC.TEE(TEE_SET_ID, HOLE_ID, DISTANCE) VALUES(2, 4, 316);;
INSERT INTO PUBLIC.TEE(TEE_SET_ID, HOLE_ID, DISTANCE) VALUES(2, 5, 295);;
INSERT INTO PUBLIC.TEE(TEE_SET_ID, HOLE_ID, DISTANCE) VALUES(2, 6, 146);;
INSERT INTO PUBLIC.TEE(TEE_SET_ID, HOLE_ID, DISTANCE) VALUES(2, 7, 145);;
INSERT INTO PUBLIC.TEE(TEE_SET_ID, HOLE_ID, DISTANCE) VALUES(2, 8, 143);;
INSERT INTO PUBLIC.TEE(TEE_SET_ID, HOLE_ID, DISTANCE) VALUES(2, 9, 142);;
INSERT INTO PUBLIC.TEE(TEE_SET_ID, HOLE_ID, DISTANCE) VALUES(2, 10, 86);;
INSERT INTO PUBLIC.TEE(TEE_SET_ID, HOLE_ID, DISTANCE) VALUES(2, 11, 106);;
INSERT INTO PUBLIC.TEE(TEE_SET_ID, HOLE_ID, DISTANCE) VALUES(2, 12, 115);;
INSERT INTO PUBLIC.TEE(TEE_SET_ID, HOLE_ID, DISTANCE) VALUES(2, 13, 317);;
INSERT INTO PUBLIC.TEE(TEE_SET_ID, HOLE_ID, DISTANCE) VALUES(2, 14, 301);;
INSERT INTO PUBLIC.TEE(TEE_SET_ID, HOLE_ID, DISTANCE) VALUES(2, 15, 163);;
INSERT INTO PUBLIC.TEE(TEE_SET_ID, HOLE_ID, DISTANCE) VALUES(2, 16, 118);;
INSERT INTO PUBLIC.TEE(TEE_SET_ID, HOLE_ID, DISTANCE) VALUES(2, 17, 317);;
INSERT INTO PUBLIC.TEE(TEE_SET_ID, HOLE_ID, DISTANCE) VALUES(2, 18, 359);;
INSERT INTO PUBLIC.TEE(TEE_SET_ID, HOLE_ID, DISTANCE) VALUES(3, 1, 399);;
INSERT INTO PUBLIC.TEE(TEE_SET_ID, HOLE_ID, DISTANCE) VALUES(3, 2, 193);;
INSERT INTO PUBLIC.TEE(TEE_SET_ID, HOLE_ID, DISTANCE) VALUES(3, 3, 300);;
INSERT INTO PUBLIC.TEE(TEE_SET_ID, HOLE_ID, DISTANCE) VALUES(3, 4, 337);;
INSERT INTO PUBLIC.TEE(TEE_SET_ID, HOLE_ID, DISTANCE) VALUES(3, 5, 307);;
INSERT INTO PUBLIC.TEE(TEE_SET_ID, HOLE_ID, DISTANCE) VALUES(3, 6, 162);;
INSERT INTO PUBLIC.TEE(TEE_SET_ID, HOLE_ID, DISTANCE) VALUES(3, 7, 167);;
INSERT INTO PUBLIC.TEE(TEE_SET_ID, HOLE_ID, DISTANCE) VALUES(3, 8, 159);;
INSERT INTO PUBLIC.TEE(TEE_SET_ID, HOLE_ID, DISTANCE) VALUES(3, 9, 152);;
INSERT INTO PUBLIC.TEE(TEE_SET_ID, HOLE_ID, DISTANCE) VALUES(3, 10, 105);;
INSERT INTO PUBLIC.TEE(TEE_SET_ID, HOLE_ID, DISTANCE) VALUES(3, 11, 145);;
INSERT INTO PUBLIC.TEE(TEE_SET_ID, HOLE_ID, DISTANCE) VALUES(3, 12, 126);;
INSERT INTO PUBLIC.TEE(TEE_SET_ID, HOLE_ID, DISTANCE) VALUES(3, 13, 335);;
INSERT INTO PUBLIC.TEE(TEE_SET_ID, HOLE_ID, DISTANCE) VALUES(3, 14, 320);;
INSERT INTO PUBLIC.TEE(TEE_SET_ID, HOLE_ID, DISTANCE) VALUES(3, 15, 188);;
INSERT INTO PUBLIC.TEE(TEE_SET_ID, HOLE_ID, DISTANCE) VALUES(3, 16, 135);;
INSERT INTO PUBLIC.TEE(TEE_SET_ID, HOLE_ID, DISTANCE) VALUES(3, 17, 339);;
INSERT INTO PUBLIC.TEE(TEE_SET_ID, HOLE_ID, DISTANCE) VALUES(3, 18, 384);;
INSERT INTO PUBLIC.TEE(TEE_SET_ID, HOLE_ID, DISTANCE) VALUES(6, 55, 379);;
INSERT INTO PUBLIC.TEE(TEE_SET_ID, HOLE_ID, DISTANCE) VALUES(6, 56, 167);;
INSERT INTO PUBLIC.TEE(TEE_SET_ID, HOLE_ID, DISTANCE) VALUES(6, 57, 334);;
INSERT INTO PUBLIC.TEE(TEE_SET_ID, HOLE_ID, DISTANCE) VALUES(6, 58, 357);;
INSERT INTO PUBLIC.TEE(TEE_SET_ID, HOLE_ID, DISTANCE) VALUES(6, 59, 543);;
INSERT INTO PUBLIC.TEE(TEE_SET_ID, HOLE_ID, DISTANCE) VALUES(6, 60, 455);;
INSERT INTO PUBLIC.TEE(TEE_SET_ID, HOLE_ID, DISTANCE) VALUES(6, 61, 155);;
INSERT INTO PUBLIC.TEE(TEE_SET_ID, HOLE_ID, DISTANCE) VALUES(6, 62, 485);;
INSERT INTO PUBLIC.TEE(TEE_SET_ID, HOLE_ID, DISTANCE) VALUES(6, 63, 406);;
INSERT INTO PUBLIC.TEE(TEE_SET_ID, HOLE_ID, DISTANCE) VALUES(6, 64, 449);;
INSERT INTO PUBLIC.TEE(TEE_SET_ID, HOLE_ID, DISTANCE) VALUES(6, 65, 458);;
INSERT INTO PUBLIC.TEE(TEE_SET_ID, HOLE_ID, DISTANCE) VALUES(6, 66, 541);;
INSERT INTO PUBLIC.TEE(TEE_SET_ID, HOLE_ID, DISTANCE) VALUES(6, 67, 132);;
INSERT INTO PUBLIC.TEE(TEE_SET_ID, HOLE_ID, DISTANCE) VALUES(6, 68, 369);;
INSERT INTO PUBLIC.TEE(TEE_SET_ID, HOLE_ID, DISTANCE) VALUES(6, 69, 425);;
INSERT INTO PUBLIC.TEE(TEE_SET_ID, HOLE_ID, DISTANCE) VALUES(6, 70, 542);;
INSERT INTO PUBLIC.TEE(TEE_SET_ID, HOLE_ID, DISTANCE) VALUES(6, 71, 166);;
INSERT INTO PUBLIC.TEE(TEE_SET_ID, HOLE_ID, DISTANCE) VALUES(6, 72, 399);;
INSERT INTO PUBLIC.TEE(TEE_SET_ID, HOLE_ID, DISTANCE) VALUES(7, 55, 313);;
INSERT INTO PUBLIC.TEE(TEE_SET_ID, HOLE_ID, DISTANCE) VALUES(7, 56, 117);;
INSERT INTO PUBLIC.TEE(TEE_SET_ID, HOLE_ID, DISTANCE) VALUES(7, 57, 284);;
INSERT INTO PUBLIC.TEE(TEE_SET_ID, HOLE_ID, DISTANCE) VALUES(7, 58, 291);;
INSERT INTO PUBLIC.TEE(TEE_SET_ID, HOLE_ID, DISTANCE) VALUES(7, 59, 475);;
INSERT INTO PUBLIC.TEE(TEE_SET_ID, HOLE_ID, DISTANCE) VALUES(7, 60, 370);;
INSERT INTO PUBLIC.TEE(TEE_SET_ID, HOLE_ID, DISTANCE) VALUES(7, 61, 120);;
INSERT INTO PUBLIC.TEE(TEE_SET_ID, HOLE_ID, DISTANCE) VALUES(7, 62, 408);;
INSERT INTO PUBLIC.TEE(TEE_SET_ID, HOLE_ID, DISTANCE) VALUES(7, 63, 312);;
INSERT INTO PUBLIC.TEE(TEE_SET_ID, HOLE_ID, DISTANCE) VALUES(7, 64, 381);;
INSERT INTO PUBLIC.TEE(TEE_SET_ID, HOLE_ID, DISTANCE) VALUES(7, 65, 383);;
INSERT INTO PUBLIC.TEE(TEE_SET_ID, HOLE_ID, DISTANCE) VALUES(7, 66, 440);;
INSERT INTO PUBLIC.TEE(TEE_SET_ID, HOLE_ID, DISTANCE) VALUES(7, 67, 80);;
INSERT INTO PUBLIC.TEE(TEE_SET_ID, HOLE_ID, DISTANCE) VALUES(7, 68, 300);;
INSERT INTO PUBLIC.TEE(TEE_SET_ID, HOLE_ID, DISTANCE) VALUES(7, 69, 375);;
INSERT INTO PUBLIC.TEE(TEE_SET_ID, HOLE_ID, DISTANCE) VALUES(7, 70, 406);;
INSERT INTO PUBLIC.TEE(TEE_SET_ID, HOLE_ID, DISTANCE) VALUES(7, 71, 126);;
INSERT INTO PUBLIC.TEE(TEE_SET_ID, HOLE_ID, DISTANCE) VALUES(7, 72, 359);;
INSERT INTO PUBLIC.TEE(TEE_SET_ID, HOLE_ID, DISTANCE) VALUES(8, 55, 361);;
INSERT INTO PUBLIC.TEE(TEE_SET_ID, HOLE_ID, DISTANCE) VALUES(8, 56, 137);;
INSERT INTO PUBLIC.TEE(TEE_SET_ID, HOLE_ID, DISTANCE) VALUES(8, 57, 306);;
INSERT INTO PUBLIC.TEE(TEE_SET_ID, HOLE_ID, DISTANCE) VALUES(8, 58, 324);;
INSERT INTO PUBLIC.TEE(TEE_SET_ID, HOLE_ID, DISTANCE) VALUES(8, 59, 499);;
INSERT INTO PUBLIC.TEE(TEE_SET_ID, HOLE_ID, DISTANCE) VALUES(8, 60, 380);;
INSERT INTO PUBLIC.TEE(TEE_SET_ID, HOLE_ID, DISTANCE) VALUES(8, 61, 135);;
INSERT INTO PUBLIC.TEE(TEE_SET_ID, HOLE_ID, DISTANCE) VALUES(8, 62, 455);;
INSERT INTO PUBLIC.TEE(TEE_SET_ID, HOLE_ID, DISTANCE) VALUES(8, 63, 377);;
INSERT INTO PUBLIC.TEE(TEE_SET_ID, HOLE_ID, DISTANCE) VALUES(8, 64, 422);;
INSERT INTO PUBLIC.TEE(TEE_SET_ID, HOLE_ID, DISTANCE) VALUES(8, 65, 397);;
INSERT INTO PUBLIC.TEE(TEE_SET_ID, HOLE_ID, DISTANCE) VALUES(8, 66, 458);;
INSERT INTO PUBLIC.TEE(TEE_SET_ID, HOLE_ID, DISTANCE) VALUES(8, 67, 97);;
INSERT INTO PUBLIC.TEE(TEE_SET_ID, HOLE_ID, DISTANCE) VALUES(8, 68, 330);;
INSERT INTO PUBLIC.TEE(TEE_SET_ID, HOLE_ID, DISTANCE) VALUES(8, 69, 388);;
INSERT INTO PUBLIC.TEE(TEE_SET_ID, HOLE_ID, DISTANCE) VALUES(8, 70, 464);;
INSERT INTO PUBLIC.TEE(TEE_SET_ID, HOLE_ID, DISTANCE) VALUES(8, 71, 135);;
INSERT INTO PUBLIC.TEE(TEE_SET_ID, HOLE_ID, DISTANCE) VALUES(8, 72, 376);;
INSERT INTO PUBLIC.TEE(TEE_SET_ID, HOLE_ID, DISTANCE) VALUES(9, 55, 370);;
INSERT INTO PUBLIC.TEE(TEE_SET_ID, HOLE_ID, DISTANCE) VALUES(9, 56, 149);;
INSERT INTO PUBLIC.TEE(TEE_SET_ID, HOLE_ID, DISTANCE) VALUES(9, 57, 325);;
INSERT INTO PUBLIC.TEE(TEE_SET_ID, HOLE_ID, DISTANCE) VALUES(9, 58, 340);;
INSERT INTO PUBLIC.TEE(TEE_SET_ID, HOLE_ID, DISTANCE) VALUES(9, 59, 509);;
INSERT INTO PUBLIC.TEE(TEE_SET_ID, HOLE_ID, DISTANCE) VALUES(9, 60, 442);;
INSERT INTO PUBLIC.TEE(TEE_SET_ID, HOLE_ID, DISTANCE) VALUES(9, 61, 145);;
INSERT INTO PUBLIC.TEE(TEE_SET_ID, HOLE_ID, DISTANCE) VALUES(9, 62, 465);;
INSERT INTO PUBLIC.TEE(TEE_SET_ID, HOLE_ID, DISTANCE) VALUES(9, 63, 401);;
INSERT INTO PUBLIC.TEE(TEE_SET_ID, HOLE_ID, DISTANCE) VALUES(9, 64, 433);;
INSERT INTO PUBLIC.TEE(TEE_SET_ID, HOLE_ID, DISTANCE) VALUES(9, 65, 452);;
INSERT INTO PUBLIC.TEE(TEE_SET_ID, HOLE_ID, DISTANCE) VALUES(9, 66, 520);;
INSERT INTO PUBLIC.TEE(TEE_SET_ID, HOLE_ID, DISTANCE) VALUES(9, 67, 121);;
INSERT INTO PUBLIC.TEE(TEE_SET_ID, HOLE_ID, DISTANCE) VALUES(9, 68, 349);;
INSERT INTO PUBLIC.TEE(TEE_SET_ID, HOLE_ID, DISTANCE) VALUES(9, 69, 408);;
INSERT INTO PUBLIC.TEE(TEE_SET_ID, HOLE_ID, DISTANCE) VALUES(9, 70, 519);;
INSERT INTO PUBLIC.TEE(TEE_SET_ID, HOLE_ID, DISTANCE) VALUES(9, 71, 159);;
INSERT INTO PUBLIC.TEE(TEE_SET_ID, HOLE_ID, DISTANCE) VALUES(9, 72, 388);;
INSERT INTO PUBLIC.TEE(TEE_SET_ID, HOLE_ID, DISTANCE) VALUES(10, 73, 395);;
INSERT INTO PUBLIC.TEE(TEE_SET_ID, HOLE_ID, DISTANCE) VALUES(10, 74, 422);;
INSERT INTO PUBLIC.TEE(TEE_SET_ID, HOLE_ID, DISTANCE) VALUES(10, 75, 351);;
INSERT INTO PUBLIC.TEE(TEE_SET_ID, HOLE_ID, DISTANCE) VALUES(10, 76, 555);;
INSERT INTO PUBLIC.TEE(TEE_SET_ID, HOLE_ID, DISTANCE) VALUES(10, 77, 149);;
INSERT INTO PUBLIC.TEE(TEE_SET_ID, HOLE_ID, DISTANCE) VALUES(10, 78, 352);;
INSERT INTO PUBLIC.TEE(TEE_SET_ID, HOLE_ID, DISTANCE) VALUES(10, 79, 155);;
INSERT INTO PUBLIC.TEE(TEE_SET_ID, HOLE_ID, DISTANCE) VALUES(10, 80, 500);;
INSERT INTO PUBLIC.TEE(TEE_SET_ID, HOLE_ID, DISTANCE) VALUES(10, 81, 378);;
INSERT INTO PUBLIC.TEE(TEE_SET_ID, HOLE_ID, DISTANCE) VALUES(10, 82, 416);;
INSERT INTO PUBLIC.TEE(TEE_SET_ID, HOLE_ID, DISTANCE) VALUES(10, 83, 455);;
INSERT INTO PUBLIC.TEE(TEE_SET_ID, HOLE_ID, DISTANCE) VALUES(10, 84, 184);;
INSERT INTO PUBLIC.TEE(TEE_SET_ID, HOLE_ID, DISTANCE) VALUES(10, 85, 550);;
INSERT INTO PUBLIC.TEE(TEE_SET_ID, HOLE_ID, DISTANCE) VALUES(10, 86, 376);;
INSERT INTO PUBLIC.TEE(TEE_SET_ID, HOLE_ID, DISTANCE) VALUES(10, 87, 178);;
INSERT INTO PUBLIC.TEE(TEE_SET_ID, HOLE_ID, DISTANCE) VALUES(10, 88, 534);;
INSERT INTO PUBLIC.TEE(TEE_SET_ID, HOLE_ID, DISTANCE) VALUES(10, 89, 206);;
INSERT INTO PUBLIC.TEE(TEE_SET_ID, HOLE_ID, DISTANCE) VALUES(10, 90, 567);;
INSERT INTO PUBLIC.TEE(TEE_SET_ID, HOLE_ID, DISTANCE) VALUES(11, 73, 373);;
INSERT INTO PUBLIC.TEE(TEE_SET_ID, HOLE_ID, DISTANCE) VALUES(11, 74, 386);;
INSERT INTO PUBLIC.TEE(TEE_SET_ID, HOLE_ID, DISTANCE) VALUES(11, 75, 311);;
INSERT INTO PUBLIC.TEE(TEE_SET_ID, HOLE_ID, DISTANCE) VALUES(11, 76, 533);;
INSERT INTO PUBLIC.TEE(TEE_SET_ID, HOLE_ID, DISTANCE) VALUES(11, 77, 129);;
INSERT INTO PUBLIC.TEE(TEE_SET_ID, HOLE_ID, DISTANCE) VALUES(11, 78, 309);;
INSERT INTO PUBLIC.TEE(TEE_SET_ID, HOLE_ID, DISTANCE) VALUES(11, 79, 143);;
INSERT INTO PUBLIC.TEE(TEE_SET_ID, HOLE_ID, DISTANCE) VALUES(11, 80, 492);;
INSERT INTO PUBLIC.TEE(TEE_SET_ID, HOLE_ID, DISTANCE) VALUES(11, 81, 363);;
INSERT INTO PUBLIC.TEE(TEE_SET_ID, HOLE_ID, DISTANCE) VALUES(11, 82, 367);;
INSERT INTO PUBLIC.TEE(TEE_SET_ID, HOLE_ID, DISTANCE) VALUES(11, 83, 416);;
INSERT INTO PUBLIC.TEE(TEE_SET_ID, HOLE_ID, DISTANCE) VALUES(11, 84, 169);;
INSERT INTO PUBLIC.TEE(TEE_SET_ID, HOLE_ID, DISTANCE) VALUES(11, 85, 528);;
INSERT INTO PUBLIC.TEE(TEE_SET_ID, HOLE_ID, DISTANCE) VALUES(11, 86, 340);;
INSERT INTO PUBLIC.TEE(TEE_SET_ID, HOLE_ID, DISTANCE) VALUES(11, 87, 164);;
INSERT INTO PUBLIC.TEE(TEE_SET_ID, HOLE_ID, DISTANCE) VALUES(11, 88, 499);;
INSERT INTO PUBLIC.TEE(TEE_SET_ID, HOLE_ID, DISTANCE) VALUES(11, 89, 174);;
INSERT INTO PUBLIC.TEE(TEE_SET_ID, HOLE_ID, DISTANCE) VALUES(11, 90, 539);;
INSERT INTO PUBLIC.TEE(TEE_SET_ID, HOLE_ID, DISTANCE) VALUES(12, 73, 348);;
INSERT INTO PUBLIC.TEE(TEE_SET_ID, HOLE_ID, DISTANCE) VALUES(12, 74, 364);;
INSERT INTO PUBLIC.TEE(TEE_SET_ID, HOLE_ID, DISTANCE) VALUES(12, 75, 291);;
INSERT INTO PUBLIC.TEE(TEE_SET_ID, HOLE_ID, DISTANCE) VALUES(12, 76, 478);;
INSERT INTO PUBLIC.TEE(TEE_SET_ID, HOLE_ID, DISTANCE) VALUES(12, 77, 115);;
INSERT INTO PUBLIC.TEE(TEE_SET_ID, HOLE_ID, DISTANCE) VALUES(12, 78, 279);;
INSERT INTO PUBLIC.TEE(TEE_SET_ID, HOLE_ID, DISTANCE) VALUES(12, 79, 127);;
INSERT INTO PUBLIC.TEE(TEE_SET_ID, HOLE_ID, DISTANCE) VALUES(12, 80, 469);;
INSERT INTO PUBLIC.TEE(TEE_SET_ID, HOLE_ID, DISTANCE) VALUES(12, 81, 328);;
INSERT INTO PUBLIC.TEE(TEE_SET_ID, HOLE_ID, DISTANCE) VALUES(12, 82, 342);;
INSERT INTO PUBLIC.TEE(TEE_SET_ID, HOLE_ID, DISTANCE) VALUES(12, 83, 385);;
INSERT INTO PUBLIC.TEE(TEE_SET_ID, HOLE_ID, DISTANCE) VALUES(12, 84, 154);;
INSERT INTO PUBLIC.TEE(TEE_SET_ID, HOLE_ID, DISTANCE) VALUES(12, 85, 505);;
INSERT INTO PUBLIC.TEE(TEE_SET_ID, HOLE_ID, DISTANCE) VALUES(12, 86, 288);;
INSERT INTO PUBLIC.TEE(TEE_SET_ID, HOLE_ID, DISTANCE) VALUES(12, 87, 141);;
INSERT INTO PUBLIC.TEE(TEE_SET_ID, HOLE_ID, DISTANCE) VALUES(12, 88, 463);;
INSERT INTO PUBLIC.TEE(TEE_SET_ID, HOLE_ID, DISTANCE) VALUES(12, 89, 146);;
INSERT INTO PUBLIC.TEE(TEE_SET_ID, HOLE_ID, DISTANCE) VALUES(12, 90, 520);;
INSERT INTO PUBLIC.TEE(TEE_SET_ID, HOLE_ID, DISTANCE) VALUES(13, 73, 299);;
INSERT INTO PUBLIC.TEE(TEE_SET_ID, HOLE_ID, DISTANCE) VALUES(13, 74, 333);;
INSERT INTO PUBLIC.TEE(TEE_SET_ID, HOLE_ID, DISTANCE) VALUES(13, 75, 246);;
INSERT INTO PUBLIC.TEE(TEE_SET_ID, HOLE_ID, DISTANCE) VALUES(13, 76, 438);;
INSERT INTO PUBLIC.TEE(TEE_SET_ID, HOLE_ID, DISTANCE) VALUES(13, 77, 92);;
INSERT INTO PUBLIC.TEE(TEE_SET_ID, HOLE_ID, DISTANCE) VALUES(13, 78, 264);;
INSERT INTO PUBLIC.TEE(TEE_SET_ID, HOLE_ID, DISTANCE) VALUES(13, 79, 112);;
INSERT INTO PUBLIC.TEE(TEE_SET_ID, HOLE_ID, DISTANCE) VALUES(13, 80, 395);;
INSERT INTO PUBLIC.TEE(TEE_SET_ID, HOLE_ID, DISTANCE) VALUES(13, 81, 283);;
INSERT INTO PUBLIC.TEE(TEE_SET_ID, HOLE_ID, DISTANCE) VALUES(13, 82, 305);;
INSERT INTO PUBLIC.TEE(TEE_SET_ID, HOLE_ID, DISTANCE) VALUES(13, 83, 318);;
INSERT INTO PUBLIC.TEE(TEE_SET_ID, HOLE_ID, DISTANCE) VALUES(13, 84, 94);;
INSERT INTO PUBLIC.TEE(TEE_SET_ID, HOLE_ID, DISTANCE) VALUES(13, 85, 406);;
INSERT INTO PUBLIC.TEE(TEE_SET_ID, HOLE_ID, DISTANCE) VALUES(13, 86, 283);;
INSERT INTO PUBLIC.TEE(TEE_SET_ID, HOLE_ID, DISTANCE) VALUES(13, 87, 130);;
INSERT INTO PUBLIC.TEE(TEE_SET_ID, HOLE_ID, DISTANCE) VALUES(13, 88, 265);;
INSERT INTO PUBLIC.TEE(TEE_SET_ID, HOLE_ID, DISTANCE) VALUES(13, 89, 120);;
INSERT INTO PUBLIC.TEE(TEE_SET_ID, HOLE_ID, DISTANCE) VALUES(13, 90, 385);;
INSERT INTO PUBLIC.TEE(TEE_SET_ID, HOLE_ID, DISTANCE) VALUES(14, 91, 504);;
INSERT INTO PUBLIC.TEE(TEE_SET_ID, HOLE_ID, DISTANCE) VALUES(14, 92, 481);;
INSERT INTO PUBLIC.TEE(TEE_SET_ID, HOLE_ID, DISTANCE) VALUES(14, 93, 145);;
INSERT INTO PUBLIC.TEE(TEE_SET_ID, HOLE_ID, DISTANCE) VALUES(14, 94, 403);;
INSERT INTO PUBLIC.TEE(TEE_SET_ID, HOLE_ID, DISTANCE) VALUES(14, 95, 218);;
INSERT INTO PUBLIC.TEE(TEE_SET_ID, HOLE_ID, DISTANCE) VALUES(14, 96, 459);;
INSERT INTO PUBLIC.TEE(TEE_SET_ID, HOLE_ID, DISTANCE) VALUES(14, 97, 455);;
INSERT INTO PUBLIC.TEE(TEE_SET_ID, HOLE_ID, DISTANCE) VALUES(14, 98, 360);;
INSERT INTO PUBLIC.TEE(TEE_SET_ID, HOLE_ID, DISTANCE) VALUES(14, 99, 385);;
INSERT INTO PUBLIC.TEE(TEE_SET_ID, HOLE_ID, DISTANCE) VALUES(14, 100, 525);;
INSERT INTO PUBLIC.TEE(TEE_SET_ID, HOLE_ID, DISTANCE) VALUES(14, 101, 414);;
INSERT INTO PUBLIC.TEE(TEE_SET_ID, HOLE_ID, DISTANCE) VALUES(14, 102, 412);;
INSERT INTO PUBLIC.TEE(TEE_SET_ID, HOLE_ID, DISTANCE) VALUES(14, 103, 208);;
INSERT INTO PUBLIC.TEE(TEE_SET_ID, HOLE_ID, DISTANCE) VALUES(14, 104, 454);;
INSERT INTO PUBLIC.TEE(TEE_SET_ID, HOLE_ID, DISTANCE) VALUES(14, 105, 530);;
INSERT INTO PUBLIC.TEE(TEE_SET_ID, HOLE_ID, DISTANCE) VALUES(14, 106, 180);;
INSERT INTO PUBLIC.TEE(TEE_SET_ID, HOLE_ID, DISTANCE) VALUES(14, 107, 461);;
INSERT INTO PUBLIC.TEE(TEE_SET_ID, HOLE_ID, DISTANCE) VALUES(14, 108, 421);;
INSERT INTO PUBLIC.TEE(TEE_SET_ID, HOLE_ID, DISTANCE) VALUES(15, 91, 482);;
INSERT INTO PUBLIC.TEE(TEE_SET_ID, HOLE_ID, DISTANCE) VALUES(15, 92, 438);;
INSERT INTO PUBLIC.TEE(TEE_SET_ID, HOLE_ID, DISTANCE) VALUES(15, 93, 135);;
INSERT INTO PUBLIC.TEE(TEE_SET_ID, HOLE_ID, DISTANCE) VALUES(15, 94, 382);;
INSERT INTO PUBLIC.TEE(TEE_SET_ID, HOLE_ID, DISTANCE) VALUES(15, 95, 181);;
INSERT INTO PUBLIC.TEE(TEE_SET_ID, HOLE_ID, DISTANCE) VALUES(15, 96, 411);;
INSERT INTO PUBLIC.TEE(TEE_SET_ID, HOLE_ID, DISTANCE) VALUES(15, 97, 407);;
INSERT INTO PUBLIC.TEE(TEE_SET_ID, HOLE_ID, DISTANCE) VALUES(15, 98, 353);;
INSERT INTO PUBLIC.TEE(TEE_SET_ID, HOLE_ID, DISTANCE) VALUES(15, 99, 371);;
INSERT INTO PUBLIC.TEE(TEE_SET_ID, HOLE_ID, DISTANCE) VALUES(15, 100, 482);;
INSERT INTO PUBLIC.TEE(TEE_SET_ID, HOLE_ID, DISTANCE) VALUES(15, 101, 369);;
INSERT INTO PUBLIC.TEE(TEE_SET_ID, HOLE_ID, DISTANCE) VALUES(15, 102, 350);;
INSERT INTO PUBLIC.TEE(TEE_SET_ID, HOLE_ID, DISTANCE) VALUES(15, 103, 181);;
INSERT INTO PUBLIC.TEE(TEE_SET_ID, HOLE_ID, DISTANCE) VALUES(15, 104, 402);;
INSERT INTO PUBLIC.TEE(TEE_SET_ID, HOLE_ID, DISTANCE) VALUES(15, 105, 485);;
INSERT INTO PUBLIC.TEE(TEE_SET_ID, HOLE_ID, DISTANCE) VALUES(15, 106, 169);;
INSERT INTO PUBLIC.TEE(TEE_SET_ID, HOLE_ID, DISTANCE) VALUES(15, 107, 432);;
INSERT INTO PUBLIC.TEE(TEE_SET_ID, HOLE_ID, DISTANCE) VALUES(15, 108, 406);;
INSERT INTO PUBLIC.TEE(TEE_SET_ID, HOLE_ID, DISTANCE) VALUES(16, 91, 462);;
INSERT INTO PUBLIC.TEE(TEE_SET_ID, HOLE_ID, DISTANCE) VALUES(16, 92, 419);;
INSERT INTO PUBLIC.TEE(TEE_SET_ID, HOLE_ID, DISTANCE) VALUES(16, 93, 126);;
INSERT INTO PUBLIC.TEE(TEE_SET_ID, HOLE_ID, DISTANCE) VALUES(16, 94, 333);;
INSERT INTO PUBLIC.TEE(TEE_SET_ID, HOLE_ID, DISTANCE) VALUES(16, 95, 171);;
INSERT INTO PUBLIC.TEE(TEE_SET_ID, HOLE_ID, DISTANCE) VALUES(16, 96, 378);;
INSERT INTO PUBLIC.TEE(TEE_SET_ID, HOLE_ID, DISTANCE) VALUES(16, 97, 348);;
INSERT INTO PUBLIC.TEE(TEE_SET_ID, HOLE_ID, DISTANCE) VALUES(16, 98, 324);;
INSERT INTO PUBLIC.TEE(TEE_SET_ID, HOLE_ID, DISTANCE) VALUES(16, 99, 351);;
INSERT INTO PUBLIC.TEE(TEE_SET_ID, HOLE_ID, DISTANCE) VALUES(16, 100, 460);;
INSERT INTO PUBLIC.TEE(TEE_SET_ID, HOLE_ID, DISTANCE) VALUES(16, 101, 311);;
INSERT INTO PUBLIC.TEE(TEE_SET_ID, HOLE_ID, DISTANCE) VALUES(16, 102, 312);;
INSERT INTO PUBLIC.TEE(TEE_SET_ID, HOLE_ID, DISTANCE) VALUES(16, 103, 162);;
INSERT INTO PUBLIC.TEE(TEE_SET_ID, HOLE_ID, DISTANCE) VALUES(16, 104, 387);;
INSERT INTO PUBLIC.TEE(TEE_SET_ID, HOLE_ID, DISTANCE) VALUES(16, 105, 469);;
INSERT INTO PUBLIC.TEE(TEE_SET_ID, HOLE_ID, DISTANCE) VALUES(16, 106, 161);;
INSERT INTO PUBLIC.TEE(TEE_SET_ID, HOLE_ID, DISTANCE) VALUES(16, 107, 414);;
INSERT INTO PUBLIC.TEE(TEE_SET_ID, HOLE_ID, DISTANCE) VALUES(16, 108, 397);;
INSERT INTO PUBLIC.TEE(TEE_SET_ID, HOLE_ID, DISTANCE) VALUES(17, 91, 383);;
INSERT INTO PUBLIC.TEE(TEE_SET_ID, HOLE_ID, DISTANCE) VALUES(17, 92, 373);;
INSERT INTO PUBLIC.TEE(TEE_SET_ID, HOLE_ID, DISTANCE) VALUES(17, 93, 110);;
INSERT INTO PUBLIC.TEE(TEE_SET_ID, HOLE_ID, DISTANCE) VALUES(17, 94, 866);;
INSERT INTO PUBLIC.TEE(TEE_SET_ID, HOLE_ID, DISTANCE) VALUES(17, 95, 116);;
INSERT INTO PUBLIC.TEE(TEE_SET_ID, HOLE_ID, DISTANCE) VALUES(17, 96, 308);;
INSERT INTO PUBLIC.TEE(TEE_SET_ID, HOLE_ID, DISTANCE) VALUES(17, 97, 313);;
INSERT INTO PUBLIC.TEE(TEE_SET_ID, HOLE_ID, DISTANCE) VALUES(17, 98, 284);;
INSERT INTO PUBLIC.TEE(TEE_SET_ID, HOLE_ID, DISTANCE) VALUES(17, 99, 259);;
INSERT INTO PUBLIC.TEE(TEE_SET_ID, HOLE_ID, DISTANCE) VALUES(17, 100, 348);;
INSERT INTO PUBLIC.TEE(TEE_SET_ID, HOLE_ID, DISTANCE) VALUES(17, 101, 284);;
INSERT INTO PUBLIC.TEE(TEE_SET_ID, HOLE_ID, DISTANCE) VALUES(17, 102, 253);;
INSERT INTO PUBLIC.TEE(TEE_SET_ID, HOLE_ID, DISTANCE) VALUES(17, 103, 131);;
INSERT INTO PUBLIC.TEE(TEE_SET_ID, HOLE_ID, DISTANCE) VALUES(17, 104, 342);;
INSERT INTO PUBLIC.TEE(TEE_SET_ID, HOLE_ID, DISTANCE) VALUES(17, 105, 401);;
INSERT INTO PUBLIC.TEE(TEE_SET_ID, HOLE_ID, DISTANCE) VALUES(17, 106, 130);;
INSERT INTO PUBLIC.TEE(TEE_SET_ID, HOLE_ID, DISTANCE) VALUES(17, 107, 334);;
INSERT INTO PUBLIC.TEE(TEE_SET_ID, HOLE_ID, DISTANCE) VALUES(17, 108, 301);;
INSERT INTO PUBLIC.TEE(TEE_SET_ID, HOLE_ID, DISTANCE) VALUES(18, 91, 462);;
INSERT INTO PUBLIC.TEE(TEE_SET_ID, HOLE_ID, DISTANCE) VALUES(18, 92, 373);;
INSERT INTO PUBLIC.TEE(TEE_SET_ID, HOLE_ID, DISTANCE) VALUES(18, 93, 126);;
INSERT INTO PUBLIC.TEE(TEE_SET_ID, HOLE_ID, DISTANCE) VALUES(18, 94, 342);;
INSERT INTO PUBLIC.TEE(TEE_SET_ID, HOLE_ID, DISTANCE) VALUES(18, 95, 116);;
INSERT INTO PUBLIC.TEE(TEE_SET_ID, HOLE_ID, DISTANCE) VALUES(18, 96, 308);;
INSERT INTO PUBLIC.TEE(TEE_SET_ID, HOLE_ID, DISTANCE) VALUES(18, 97, 348);;
INSERT INTO PUBLIC.TEE(TEE_SET_ID, HOLE_ID, DISTANCE) VALUES(18, 98, 324);;
INSERT INTO PUBLIC.TEE(TEE_SET_ID, HOLE_ID, DISTANCE) VALUES(18, 99, 351);;
INSERT INTO PUBLIC.TEE(TEE_SET_ID, HOLE_ID, DISTANCE) VALUES(18, 100, 460);;
INSERT INTO PUBLIC.TEE(TEE_SET_ID, HOLE_ID, DISTANCE) VALUES(18, 101, 284);;
INSERT INTO PUBLIC.TEE(TEE_SET_ID, HOLE_ID, DISTANCE) VALUES(18, 102, 312);;
INSERT INTO PUBLIC.TEE(TEE_SET_ID, HOLE_ID, DISTANCE) VALUES(18, 103, 131);;
INSERT INTO PUBLIC.TEE(TEE_SET_ID, HOLE_ID, DISTANCE) VALUES(18, 104, 342);;
INSERT INTO PUBLIC.TEE(TEE_SET_ID, HOLE_ID, DISTANCE) VALUES(18, 105, 469);;
INSERT INTO PUBLIC.TEE(TEE_SET_ID, HOLE_ID, DISTANCE) VALUES(18, 106, 130);;
INSERT INTO PUBLIC.TEE(TEE_SET_ID, HOLE_ID, DISTANCE) VALUES(18, 107, 334);;
INSERT INTO PUBLIC.TEE(TEE_SET_ID, HOLE_ID, DISTANCE) VALUES(18, 108, 301);;
INSERT INTO PUBLIC.TEE(TEE_SET_ID, HOLE_ID, DISTANCE) VALUES(19, 109, 407);;
INSERT INTO PUBLIC.TEE(TEE_SET_ID, HOLE_ID, DISTANCE) VALUES(19, 110, 423);;
INSERT INTO PUBLIC.TEE(TEE_SET_ID, HOLE_ID, DISTANCE) VALUES(19, 111, 193);;
INSERT INTO PUBLIC.TEE(TEE_SET_ID, HOLE_ID, DISTANCE) VALUES(19, 112, 342);;
INSERT INTO PUBLIC.TEE(TEE_SET_ID, HOLE_ID, DISTANCE) VALUES(19, 113, 408);;
INSERT INTO PUBLIC.TEE(TEE_SET_ID, HOLE_ID, DISTANCE) VALUES(19, 114, 183);;
INSERT INTO PUBLIC.TEE(TEE_SET_ID, HOLE_ID, DISTANCE) VALUES(19, 115, 524);;
INSERT INTO PUBLIC.TEE(TEE_SET_ID, HOLE_ID, DISTANCE) VALUES(19, 116, 423);;
INSERT INTO PUBLIC.TEE(TEE_SET_ID, HOLE_ID, DISTANCE) VALUES(19, 117, 546);;
INSERT INTO PUBLIC.TEE(TEE_SET_ID, HOLE_ID, DISTANCE) VALUES(19, 118, 446);;
INSERT INTO PUBLIC.TEE(TEE_SET_ID, HOLE_ID, DISTANCE) VALUES(19, 119, 405);;
INSERT INTO PUBLIC.TEE(TEE_SET_ID, HOLE_ID, DISTANCE) VALUES(19, 120, 202);;
INSERT INTO PUBLIC.TEE(TEE_SET_ID, HOLE_ID, DISTANCE) VALUES(19, 121, 410);;
INSERT INTO PUBLIC.TEE(TEE_SET_ID, HOLE_ID, DISTANCE) VALUES(19, 122, 150);;
INSERT INTO PUBLIC.TEE(TEE_SET_ID, HOLE_ID, DISTANCE) VALUES(19, 123, 530);;
INSERT INTO PUBLIC.TEE(TEE_SET_ID, HOLE_ID, DISTANCE) VALUES(19, 124, 430);;
INSERT INTO PUBLIC.TEE(TEE_SET_ID, HOLE_ID, DISTANCE) VALUES(19, 125, 502);;
INSERT INTO PUBLIC.TEE(TEE_SET_ID, HOLE_ID, DISTANCE) VALUES(19, 126, 426);;
INSERT INTO PUBLIC.TEE(TEE_SET_ID, HOLE_ID, DISTANCE) VALUES(20, 109, 378);;
INSERT INTO PUBLIC.TEE(TEE_SET_ID, HOLE_ID, DISTANCE) VALUES(20, 110, 395);;
INSERT INTO PUBLIC.TEE(TEE_SET_ID, HOLE_ID, DISTANCE) VALUES(20, 111, 176);;
INSERT INTO PUBLIC.TEE(TEE_SET_ID, HOLE_ID, DISTANCE) VALUES(20, 112, 317);;
INSERT INTO PUBLIC.TEE(TEE_SET_ID, HOLE_ID, DISTANCE) VALUES(20, 113, 374);;
INSERT INTO PUBLIC.TEE(TEE_SET_ID, HOLE_ID, DISTANCE) VALUES(20, 114, 163);;
INSERT INTO PUBLIC.TEE(TEE_SET_ID, HOLE_ID, DISTANCE) VALUES(20, 115, 505);;
INSERT INTO PUBLIC.TEE(TEE_SET_ID, HOLE_ID, DISTANCE) VALUES(20, 116, 394);;
INSERT INTO PUBLIC.TEE(TEE_SET_ID, HOLE_ID, DISTANCE) VALUES(20, 117, 506);;
INSERT INTO PUBLIC.TEE(TEE_SET_ID, HOLE_ID, DISTANCE) VALUES(20, 118, 424);;
INSERT INTO PUBLIC.TEE(TEE_SET_ID, HOLE_ID, DISTANCE) VALUES(20, 119, 363);;
INSERT INTO PUBLIC.TEE(TEE_SET_ID, HOLE_ID, DISTANCE) VALUES(20, 120, 186);;
INSERT INTO PUBLIC.TEE(TEE_SET_ID, HOLE_ID, DISTANCE) VALUES(20, 121, 380);;
INSERT INTO PUBLIC.TEE(TEE_SET_ID, HOLE_ID, DISTANCE) VALUES(20, 122, 132);;
INSERT INTO PUBLIC.TEE(TEE_SET_ID, HOLE_ID, DISTANCE) VALUES(20, 123, 499);;
INSERT INTO PUBLIC.TEE(TEE_SET_ID, HOLE_ID, DISTANCE) VALUES(20, 124, 369);;
INSERT INTO PUBLIC.TEE(TEE_SET_ID, HOLE_ID, DISTANCE) VALUES(20, 125, 482);;
INSERT INTO PUBLIC.TEE(TEE_SET_ID, HOLE_ID, DISTANCE) VALUES(20, 126, 390);;
INSERT INTO PUBLIC.TEE(TEE_SET_ID, HOLE_ID, DISTANCE) VALUES(21, 109, 312);;
INSERT INTO PUBLIC.TEE(TEE_SET_ID, HOLE_ID, DISTANCE) VALUES(21, 110, 306);;
INSERT INTO PUBLIC.TEE(TEE_SET_ID, HOLE_ID, DISTANCE) VALUES(21, 111, 96);;
INSERT INTO PUBLIC.TEE(TEE_SET_ID, HOLE_ID, DISTANCE) VALUES(21, 112, 502);;
INSERT INTO PUBLIC.TEE(TEE_SET_ID, HOLE_ID, DISTANCE) VALUES(21, 113, 340);;
INSERT INTO PUBLIC.TEE(TEE_SET_ID, HOLE_ID, DISTANCE) VALUES(21, 114, 360);;
INSERT INTO PUBLIC.TEE(TEE_SET_ID, HOLE_ID, DISTANCE) VALUES(21, 115, 358);;
INSERT INTO PUBLIC.TEE(TEE_SET_ID, HOLE_ID, DISTANCE) VALUES(21, 116, 546);;
INSERT INTO PUBLIC.TEE(TEE_SET_ID, HOLE_ID, DISTANCE) VALUES(21, 117, 124);;
INSERT INTO PUBLIC.TEE(TEE_SET_ID, HOLE_ID, DISTANCE) VALUES(21, 118, 492);;
INSERT INTO PUBLIC.TEE(TEE_SET_ID, HOLE_ID, DISTANCE) VALUES(21, 119, 152);;
INSERT INTO PUBLIC.TEE(TEE_SET_ID, HOLE_ID, DISTANCE) VALUES(21, 120, 352);;
INSERT INTO PUBLIC.TEE(TEE_SET_ID, HOLE_ID, DISTANCE) VALUES(21, 121, 342);;
INSERT INTO PUBLIC.TEE(TEE_SET_ID, HOLE_ID, DISTANCE) VALUES(21, 122, 490);;
INSERT INTO PUBLIC.TEE(TEE_SET_ID, HOLE_ID, DISTANCE) VALUES(21, 123, 440);;
INSERT INTO PUBLIC.TEE(TEE_SET_ID, HOLE_ID, DISTANCE) VALUES(21, 124, 122);;
INSERT INTO PUBLIC.TEE(TEE_SET_ID, HOLE_ID, DISTANCE) VALUES(21, 125, 338);;
INSERT INTO PUBLIC.TEE(TEE_SET_ID, HOLE_ID, DISTANCE) VALUES(21, 126, 400);;
INSERT INTO PUBLIC.TEE(TEE_SET_ID, HOLE_ID, DISTANCE) VALUES(22, 109, 304);;
INSERT INTO PUBLIC.TEE(TEE_SET_ID, HOLE_ID, DISTANCE) VALUES(22, 110, 309);;
INSERT INTO PUBLIC.TEE(TEE_SET_ID, HOLE_ID, DISTANCE) VALUES(22, 111, 123);;
INSERT INTO PUBLIC.TEE(TEE_SET_ID, HOLE_ID, DISTANCE) VALUES(22, 112, 264);;
INSERT INTO PUBLIC.TEE(TEE_SET_ID, HOLE_ID, DISTANCE) VALUES(22, 113, 302);;
INSERT INTO PUBLIC.TEE(TEE_SET_ID, HOLE_ID, DISTANCE) VALUES(22, 114, 101);;
INSERT INTO PUBLIC.TEE(TEE_SET_ID, HOLE_ID, DISTANCE) VALUES(22, 115, 433);;
INSERT INTO PUBLIC.TEE(TEE_SET_ID, HOLE_ID, DISTANCE) VALUES(22, 116, 332);;
INSERT INTO PUBLIC.TEE(TEE_SET_ID, HOLE_ID, DISTANCE) VALUES(22, 117, 442);;
INSERT INTO PUBLIC.TEE(TEE_SET_ID, HOLE_ID, DISTANCE) VALUES(22, 118, 344);;
INSERT INTO PUBLIC.TEE(TEE_SET_ID, HOLE_ID, DISTANCE) VALUES(22, 119, 293);;
INSERT INTO PUBLIC.TEE(TEE_SET_ID, HOLE_ID, DISTANCE) VALUES(22, 120, 137);;
INSERT INTO PUBLIC.TEE(TEE_SET_ID, HOLE_ID, DISTANCE) VALUES(22, 121, 254);;
INSERT INTO PUBLIC.TEE(TEE_SET_ID, HOLE_ID, DISTANCE) VALUES(22, 122, 89);;
INSERT INTO PUBLIC.TEE(TEE_SET_ID, HOLE_ID, DISTANCE) VALUES(22, 123, 424);;
INSERT INTO PUBLIC.TEE(TEE_SET_ID, HOLE_ID, DISTANCE) VALUES(22, 124, 324);;
INSERT INTO PUBLIC.TEE(TEE_SET_ID, HOLE_ID, DISTANCE) VALUES(22, 125, 444);;
INSERT INTO PUBLIC.TEE(TEE_SET_ID, HOLE_ID, DISTANCE) VALUES(22, 126, 315);;
INSERT INTO PUBLIC.TEE(TEE_SET_ID, HOLE_ID, DISTANCE) VALUES(23, 127, 377);;
INSERT INTO PUBLIC.TEE(TEE_SET_ID, HOLE_ID, DISTANCE) VALUES(23, 128, 165);;
INSERT INTO PUBLIC.TEE(TEE_SET_ID, HOLE_ID, DISTANCE) VALUES(23, 129, 501);;
INSERT INTO PUBLIC.TEE(TEE_SET_ID, HOLE_ID, DISTANCE) VALUES(23, 130, 402);;
INSERT INTO PUBLIC.TEE(TEE_SET_ID, HOLE_ID, DISTANCE) VALUES(23, 131, 412);;
INSERT INTO PUBLIC.TEE(TEE_SET_ID, HOLE_ID, DISTANCE) VALUES(23, 132, 219);;
INSERT INTO PUBLIC.TEE(TEE_SET_ID, HOLE_ID, DISTANCE) VALUES(23, 133, 411);;
INSERT INTO PUBLIC.TEE(TEE_SET_ID, HOLE_ID, DISTANCE) VALUES(23, 134, 456);;
INSERT INTO PUBLIC.TEE(TEE_SET_ID, HOLE_ID, DISTANCE) VALUES(23, 135, 536);;
INSERT INTO PUBLIC.TEE(TEE_SET_ID, HOLE_ID, DISTANCE) VALUES(23, 136, 410);;
INSERT INTO PUBLIC.TEE(TEE_SET_ID, HOLE_ID, DISTANCE) VALUES(23, 137, 157);;
INSERT INTO PUBLIC.TEE(TEE_SET_ID, HOLE_ID, DISTANCE) VALUES(23, 138, 401);;
INSERT INTO PUBLIC.TEE(TEE_SET_ID, HOLE_ID, DISTANCE) VALUES(23, 139, 418);;
INSERT INTO PUBLIC.TEE(TEE_SET_ID, HOLE_ID, DISTANCE) VALUES(23, 140, 510);;
INSERT INTO PUBLIC.TEE(TEE_SET_ID, HOLE_ID, DISTANCE) VALUES(23, 141, 452);;
INSERT INTO PUBLIC.TEE(TEE_SET_ID, HOLE_ID, DISTANCE) VALUES(23, 142, 520);;
INSERT INTO PUBLIC.TEE(TEE_SET_ID, HOLE_ID, DISTANCE) VALUES(23, 143, 226);;
INSERT INTO PUBLIC.TEE(TEE_SET_ID, HOLE_ID, DISTANCE) VALUES(23, 144, 357);;
INSERT INTO PUBLIC.TEE(TEE_SET_ID, HOLE_ID, DISTANCE) VALUES(24, 127, 365);;
INSERT INTO PUBLIC.TEE(TEE_SET_ID, HOLE_ID, DISTANCE) VALUES(24, 128, 146);;
INSERT INTO PUBLIC.TEE(TEE_SET_ID, HOLE_ID, DISTANCE) VALUES(24, 129, 476);;
INSERT INTO PUBLIC.TEE(TEE_SET_ID, HOLE_ID, DISTANCE) VALUES(24, 130, 381);;
INSERT INTO PUBLIC.TEE(TEE_SET_ID, HOLE_ID, DISTANCE) VALUES(24, 131, 398);;
INSERT INTO PUBLIC.TEE(TEE_SET_ID, HOLE_ID, DISTANCE) VALUES(24, 132, 180);;
INSERT INTO PUBLIC.TEE(TEE_SET_ID, HOLE_ID, DISTANCE) VALUES(24, 133, 388);;
INSERT INTO PUBLIC.TEE(TEE_SET_ID, HOLE_ID, DISTANCE) VALUES(24, 134, 445);;
INSERT INTO PUBLIC.TEE(TEE_SET_ID, HOLE_ID, DISTANCE) VALUES(24, 135, 516);;
INSERT INTO PUBLIC.TEE(TEE_SET_ID, HOLE_ID, DISTANCE) VALUES(24, 136, 378);;
INSERT INTO PUBLIC.TEE(TEE_SET_ID, HOLE_ID, DISTANCE) VALUES(24, 137, 130);;
INSERT INTO PUBLIC.TEE(TEE_SET_ID, HOLE_ID, DISTANCE) VALUES(24, 138, 383);;
INSERT INTO PUBLIC.TEE(TEE_SET_ID, HOLE_ID, DISTANCE) VALUES(24, 139, 392);;
INSERT INTO PUBLIC.TEE(TEE_SET_ID, HOLE_ID, DISTANCE) VALUES(24, 140, 480);;
INSERT INTO PUBLIC.TEE(TEE_SET_ID, HOLE_ID, DISTANCE) VALUES(24, 141, 424);;
INSERT INTO PUBLIC.TEE(TEE_SET_ID, HOLE_ID, DISTANCE) VALUES(24, 142, 493);;
INSERT INTO PUBLIC.TEE(TEE_SET_ID, HOLE_ID, DISTANCE) VALUES(24, 143, 216);;
INSERT INTO PUBLIC.TEE(TEE_SET_ID, HOLE_ID, DISTANCE) VALUES(24, 144, 337);;
INSERT INTO PUBLIC.TEE(TEE_SET_ID, HOLE_ID, DISTANCE) VALUES(25, 127, 350);;
INSERT INTO PUBLIC.TEE(TEE_SET_ID, HOLE_ID, DISTANCE) VALUES(25, 128, 124);;
INSERT INTO PUBLIC.TEE(TEE_SET_ID, HOLE_ID, DISTANCE) VALUES(25, 129, 454);;
INSERT INTO PUBLIC.TEE(TEE_SET_ID, HOLE_ID, DISTANCE) VALUES(25, 130, 357);;
INSERT INTO PUBLIC.TEE(TEE_SET_ID, HOLE_ID, DISTANCE) VALUES(25, 131, 373);;
INSERT INTO PUBLIC.TEE(TEE_SET_ID, HOLE_ID, DISTANCE) VALUES(25, 132, 155);;
INSERT INTO PUBLIC.TEE(TEE_SET_ID, HOLE_ID, DISTANCE) VALUES(25, 133, 376);;
INSERT INTO PUBLIC.TEE(TEE_SET_ID, HOLE_ID, DISTANCE) VALUES(25, 134, 418);;
INSERT INTO PUBLIC.TEE(TEE_SET_ID, HOLE_ID, DISTANCE) VALUES(25, 135, 504);;
INSERT INTO PUBLIC.TEE(TEE_SET_ID, HOLE_ID, DISTANCE) VALUES(25, 136, 358);;
INSERT INTO PUBLIC.TEE(TEE_SET_ID, HOLE_ID, DISTANCE) VALUES(25, 137, 107);;
INSERT INTO PUBLIC.TEE(TEE_SET_ID, HOLE_ID, DISTANCE) VALUES(25, 138, 337);;
INSERT INTO PUBLIC.TEE(TEE_SET_ID, HOLE_ID, DISTANCE) VALUES(25, 139, 355);;
INSERT INTO PUBLIC.TEE(TEE_SET_ID, HOLE_ID, DISTANCE) VALUES(25, 140, 470);;
INSERT INTO PUBLIC.TEE(TEE_SET_ID, HOLE_ID, DISTANCE) VALUES(25, 141, 409);;
INSERT INTO PUBLIC.TEE(TEE_SET_ID, HOLE_ID, DISTANCE) VALUES(25, 142, 470);;
INSERT INTO PUBLIC.TEE(TEE_SET_ID, HOLE_ID, DISTANCE) VALUES(25, 143, 183);;
INSERT INTO PUBLIC.TEE(TEE_SET_ID, HOLE_ID, DISTANCE) VALUES(25, 144, 312);;
INSERT INTO PUBLIC.TEE(TEE_SET_ID, HOLE_ID, DISTANCE) VALUES(26, 127, 203);;
INSERT INTO PUBLIC.TEE(TEE_SET_ID, HOLE_ID, DISTANCE) VALUES(26, 128, 90);;
INSERT INTO PUBLIC.TEE(TEE_SET_ID, HOLE_ID, DISTANCE) VALUES(26, 129, 397);;
INSERT INTO PUBLIC.TEE(TEE_SET_ID, HOLE_ID, DISTANCE) VALUES(26, 130, 334);;
INSERT INTO PUBLIC.TEE(TEE_SET_ID, HOLE_ID, DISTANCE) VALUES(26, 131, 351);;
INSERT INTO PUBLIC.TEE(TEE_SET_ID, HOLE_ID, DISTANCE) VALUES(26, 132, 131);;
INSERT INTO PUBLIC.TEE(TEE_SET_ID, HOLE_ID, DISTANCE) VALUES(26, 133, 338);;
INSERT INTO PUBLIC.TEE(TEE_SET_ID, HOLE_ID, DISTANCE) VALUES(26, 134, 307);;
INSERT INTO PUBLIC.TEE(TEE_SET_ID, HOLE_ID, DISTANCE) VALUES(26, 135, 476);;
INSERT INTO PUBLIC.TEE(TEE_SET_ID, HOLE_ID, DISTANCE) VALUES(26, 136, 221);;
INSERT INTO PUBLIC.TEE(TEE_SET_ID, HOLE_ID, DISTANCE) VALUES(26, 137, 91);;
INSERT INTO PUBLIC.TEE(TEE_SET_ID, HOLE_ID, DISTANCE) VALUES(26, 138, 296);;
INSERT INTO PUBLIC.TEE(TEE_SET_ID, HOLE_ID, DISTANCE) VALUES(26, 139, 284);;
INSERT INTO PUBLIC.TEE(TEE_SET_ID, HOLE_ID, DISTANCE) VALUES(26, 140, 446);;
INSERT INTO PUBLIC.TEE(TEE_SET_ID, HOLE_ID, DISTANCE) VALUES(26, 141, 336);;
INSERT INTO PUBLIC.TEE(TEE_SET_ID, HOLE_ID, DISTANCE) VALUES(26, 142, 374);;
INSERT INTO PUBLIC.TEE(TEE_SET_ID, HOLE_ID, DISTANCE) VALUES(26, 143, 137);;
INSERT INTO PUBLIC.TEE(TEE_SET_ID, HOLE_ID, DISTANCE) VALUES(26, 144, 272);;
INSERT INTO PUBLIC.TEE(TEE_SET_ID, HOLE_ID, DISTANCE) VALUES(27, 145, 410);;
INSERT INTO PUBLIC.TEE(TEE_SET_ID, HOLE_ID, DISTANCE) VALUES(27, 146, 467);;
INSERT INTO PUBLIC.TEE(TEE_SET_ID, HOLE_ID, DISTANCE) VALUES(27, 147, 164);;
INSERT INTO PUBLIC.TEE(TEE_SET_ID, HOLE_ID, DISTANCE) VALUES(27, 148, 412);;
INSERT INTO PUBLIC.TEE(TEE_SET_ID, HOLE_ID, DISTANCE) VALUES(27, 149, 554);;
INSERT INTO PUBLIC.TEE(TEE_SET_ID, HOLE_ID, DISTANCE) VALUES(27, 150, 376);;
INSERT INTO PUBLIC.TEE(TEE_SET_ID, HOLE_ID, DISTANCE) VALUES(27, 151, 569);;
INSERT INTO PUBLIC.TEE(TEE_SET_ID, HOLE_ID, DISTANCE) VALUES(27, 152, 194);;
INSERT INTO PUBLIC.TEE(TEE_SET_ID, HOLE_ID, DISTANCE) VALUES(27, 153, 447);;
INSERT INTO PUBLIC.TEE(TEE_SET_ID, HOLE_ID, DISTANCE) VALUES(27, 154, 547);;
INSERT INTO PUBLIC.TEE(TEE_SET_ID, HOLE_ID, DISTANCE) VALUES(27, 155, 356);;
INSERT INTO PUBLIC.TEE(TEE_SET_ID, HOLE_ID, DISTANCE) VALUES(27, 156, 483);;
INSERT INTO PUBLIC.TEE(TEE_SET_ID, HOLE_ID, DISTANCE) VALUES(27, 157, 230);;
INSERT INTO PUBLIC.TEE(TEE_SET_ID, HOLE_ID, DISTANCE) VALUES(27, 158, 540);;
INSERT INTO PUBLIC.TEE(TEE_SET_ID, HOLE_ID, DISTANCE) VALUES(27, 159, 203);;
INSERT INTO PUBLIC.TEE(TEE_SET_ID, HOLE_ID, DISTANCE) VALUES(27, 160, 326);;
INSERT INTO PUBLIC.TEE(TEE_SET_ID, HOLE_ID, DISTANCE) VALUES(27, 161, 219);;
INSERT INTO PUBLIC.TEE(TEE_SET_ID, HOLE_ID, DISTANCE) VALUES(27, 162, 588);;
INSERT INTO PUBLIC.TEE(TEE_SET_ID, HOLE_ID, DISTANCE) VALUES(28, 145, 384);;
INSERT INTO PUBLIC.TEE(TEE_SET_ID, HOLE_ID, DISTANCE) VALUES(28, 146, 442);;
INSERT INTO PUBLIC.TEE(TEE_SET_ID, HOLE_ID, DISTANCE) VALUES(28, 147, 148);;
INSERT INTO PUBLIC.TEE(TEE_SET_ID, HOLE_ID, DISTANCE) VALUES(28, 148, 371);;
INSERT INTO PUBLIC.TEE(TEE_SET_ID, HOLE_ID, DISTANCE) VALUES(28, 149, 512);;
INSERT INTO PUBLIC.TEE(TEE_SET_ID, HOLE_ID, DISTANCE) VALUES(28, 150, 344);;
INSERT INTO PUBLIC.TEE(TEE_SET_ID, HOLE_ID, DISTANCE) VALUES(28, 151, 549);;
INSERT INTO PUBLIC.TEE(TEE_SET_ID, HOLE_ID, DISTANCE) VALUES(28, 152, 179);;
INSERT INTO PUBLIC.TEE(TEE_SET_ID, HOLE_ID, DISTANCE) VALUES(28, 153, 372);;
INSERT INTO PUBLIC.TEE(TEE_SET_ID, HOLE_ID, DISTANCE) VALUES(28, 154, 529);;
INSERT INTO PUBLIC.TEE(TEE_SET_ID, HOLE_ID, DISTANCE) VALUES(28, 155, 331);;
INSERT INTO PUBLIC.TEE(TEE_SET_ID, HOLE_ID, DISTANCE) VALUES(28, 156, 430);;
INSERT INTO PUBLIC.TEE(TEE_SET_ID, HOLE_ID, DISTANCE) VALUES(28, 157, 208);;
INSERT INTO PUBLIC.TEE(TEE_SET_ID, HOLE_ID, DISTANCE) VALUES(28, 158, 516);;
INSERT INTO PUBLIC.TEE(TEE_SET_ID, HOLE_ID, DISTANCE) VALUES(28, 159, 151);;
INSERT INTO PUBLIC.TEE(TEE_SET_ID, HOLE_ID, DISTANCE) VALUES(28, 160, 305);;
INSERT INTO PUBLIC.TEE(TEE_SET_ID, HOLE_ID, DISTANCE) VALUES(28, 161, 160);;
INSERT INTO PUBLIC.TEE(TEE_SET_ID, HOLE_ID, DISTANCE) VALUES(28, 162, 513);;
INSERT INTO PUBLIC.TEE(TEE_SET_ID, HOLE_ID, DISTANCE) VALUES(29, 145, 313);;
INSERT INTO PUBLIC.TEE(TEE_SET_ID, HOLE_ID, DISTANCE) VALUES(29, 146, 390);;
INSERT INTO PUBLIC.TEE(TEE_SET_ID, HOLE_ID, DISTANCE) VALUES(29, 147, 128);;
INSERT INTO PUBLIC.TEE(TEE_SET_ID, HOLE_ID, DISTANCE) VALUES(29, 148, 328);;
INSERT INTO PUBLIC.TEE(TEE_SET_ID, HOLE_ID, DISTANCE) VALUES(29, 149, 444);;
INSERT INTO PUBLIC.TEE(TEE_SET_ID, HOLE_ID, DISTANCE) VALUES(29, 150, 290);;
INSERT INTO PUBLIC.TEE(TEE_SET_ID, HOLE_ID, DISTANCE) VALUES(29, 151, 448);;
INSERT INTO PUBLIC.TEE(TEE_SET_ID, HOLE_ID, DISTANCE) VALUES(29, 152, 133);;
INSERT INTO PUBLIC.TEE(TEE_SET_ID, HOLE_ID, DISTANCE) VALUES(29, 153, 314);;
INSERT INTO PUBLIC.TEE(TEE_SET_ID, HOLE_ID, DISTANCE) VALUES(29, 154, 480);;
INSERT INTO PUBLIC.TEE(TEE_SET_ID, HOLE_ID, DISTANCE) VALUES(29, 155, 289);;
INSERT INTO PUBLIC.TEE(TEE_SET_ID, HOLE_ID, DISTANCE) VALUES(29, 156, 378);;
INSERT INTO PUBLIC.TEE(TEE_SET_ID, HOLE_ID, DISTANCE) VALUES(29, 157, 168);;
INSERT INTO PUBLIC.TEE(TEE_SET_ID, HOLE_ID, DISTANCE) VALUES(29, 158, 491);;
INSERT INTO PUBLIC.TEE(TEE_SET_ID, HOLE_ID, DISTANCE) VALUES(29, 159, 138);;
INSERT INTO PUBLIC.TEE(TEE_SET_ID, HOLE_ID, DISTANCE) VALUES(29, 160, 288);;
INSERT INTO PUBLIC.TEE(TEE_SET_ID, HOLE_ID, DISTANCE) VALUES(29, 161, 148);;
INSERT INTO PUBLIC.TEE(TEE_SET_ID, HOLE_ID, DISTANCE) VALUES(29, 162, 472);;
INSERT INTO PUBLIC.TEE(TEE_SET_ID, HOLE_ID, DISTANCE) VALUES(30, 145, 275);;
INSERT INTO PUBLIC.TEE(TEE_SET_ID, HOLE_ID, DISTANCE) VALUES(30, 146, 340);;
INSERT INTO PUBLIC.TEE(TEE_SET_ID, HOLE_ID, DISTANCE) VALUES(30, 147, 105);;
INSERT INTO PUBLIC.TEE(TEE_SET_ID, HOLE_ID, DISTANCE) VALUES(30, 148, 282);;
INSERT INTO PUBLIC.TEE(TEE_SET_ID, HOLE_ID, DISTANCE) VALUES(30, 149, 430);;
INSERT INTO PUBLIC.TEE(TEE_SET_ID, HOLE_ID, DISTANCE) VALUES(30, 150, 211);;
INSERT INTO PUBLIC.TEE(TEE_SET_ID, HOLE_ID, DISTANCE) VALUES(30, 151, 392);;
INSERT INTO PUBLIC.TEE(TEE_SET_ID, HOLE_ID, DISTANCE) VALUES(30, 152, 85);;
INSERT INTO PUBLIC.TEE(TEE_SET_ID, HOLE_ID, DISTANCE) VALUES(30, 153, 289);;
INSERT INTO PUBLIC.TEE(TEE_SET_ID, HOLE_ID, DISTANCE) VALUES(30, 154, 446);;
INSERT INTO PUBLIC.TEE(TEE_SET_ID, HOLE_ID, DISTANCE) VALUES(30, 155, 239);;
INSERT INTO PUBLIC.TEE(TEE_SET_ID, HOLE_ID, DISTANCE) VALUES(30, 156, 310);;
INSERT INTO PUBLIC.TEE(TEE_SET_ID, HOLE_ID, DISTANCE) VALUES(30, 157, 146);;
INSERT INTO PUBLIC.TEE(TEE_SET_ID, HOLE_ID, DISTANCE) VALUES(30, 158, 445);;
INSERT INTO PUBLIC.TEE(TEE_SET_ID, HOLE_ID, DISTANCE) VALUES(30, 159, 94);;
INSERT INTO PUBLIC.TEE(TEE_SET_ID, HOLE_ID, DISTANCE) VALUES(30, 160, 248);;
INSERT INTO PUBLIC.TEE(TEE_SET_ID, HOLE_ID, DISTANCE) VALUES(30, 161, 96);;
INSERT INTO PUBLIC.TEE(TEE_SET_ID, HOLE_ID, DISTANCE) VALUES(30, 162, 435);;
INSERT INTO PUBLIC.TEE(TEE_SET_ID, HOLE_ID, DISTANCE) VALUES(31, 163, 578);;
INSERT INTO PUBLIC.TEE(TEE_SET_ID, HOLE_ID, DISTANCE) VALUES(31, 164, 375);;
INSERT INTO PUBLIC.TEE(TEE_SET_ID, HOLE_ID, DISTANCE) VALUES(31, 165, 170);;
INSERT INTO PUBLIC.TEE(TEE_SET_ID, HOLE_ID, DISTANCE) VALUES(31, 166, 557);;
INSERT INTO PUBLIC.TEE(TEE_SET_ID, HOLE_ID, DISTANCE) VALUES(31, 167, 620);;
INSERT INTO PUBLIC.TEE(TEE_SET_ID, HOLE_ID, DISTANCE) VALUES(31, 168, 395);;
INSERT INTO PUBLIC.TEE(TEE_SET_ID, HOLE_ID, DISTANCE) VALUES(31, 169, 223);;
INSERT INTO PUBLIC.TEE(TEE_SET_ID, HOLE_ID, DISTANCE) VALUES(31, 170, 398);;
INSERT INTO PUBLIC.TEE(TEE_SET_ID, HOLE_ID, DISTANCE) VALUES(31, 171, 205);;
INSERT INTO PUBLIC.TEE(TEE_SET_ID, HOLE_ID, DISTANCE) VALUES(31, 172, 397);;
INSERT INTO PUBLIC.TEE(TEE_SET_ID, HOLE_ID, DISTANCE) VALUES(31, 173, 583);;
INSERT INTO PUBLIC.TEE(TEE_SET_ID, HOLE_ID, DISTANCE) VALUES(31, 174, 473);;
INSERT INTO PUBLIC.TEE(TEE_SET_ID, HOLE_ID, DISTANCE) VALUES(31, 175, 387);;
INSERT INTO PUBLIC.TEE(TEE_SET_ID, HOLE_ID, DISTANCE) VALUES(31, 176, 360);;
INSERT INTO PUBLIC.TEE(TEE_SET_ID, HOLE_ID, DISTANCE) VALUES(31, 177, 217);;
INSERT INTO PUBLIC.TEE(TEE_SET_ID, HOLE_ID, DISTANCE) VALUES(31, 178, 418);;
INSERT INTO PUBLIC.TEE(TEE_SET_ID, HOLE_ID, DISTANCE) VALUES(31, 179, 198);;
INSERT INTO PUBLIC.TEE(TEE_SET_ID, HOLE_ID, DISTANCE) VALUES(31, 180, 557);;
INSERT INTO PUBLIC.TEE(TEE_SET_ID, HOLE_ID, DISTANCE) VALUES(32, 163, 535);;
INSERT INTO PUBLIC.TEE(TEE_SET_ID, HOLE_ID, DISTANCE) VALUES(32, 164, 332);;
INSERT INTO PUBLIC.TEE(TEE_SET_ID, HOLE_ID, DISTANCE) VALUES(32, 165, 143);;
INSERT INTO PUBLIC.TEE(TEE_SET_ID, HOLE_ID, DISTANCE) VALUES(32, 166, 517);;
INSERT INTO PUBLIC.TEE(TEE_SET_ID, HOLE_ID, DISTANCE) VALUES(32, 167, 583);;
INSERT INTO PUBLIC.TEE(TEE_SET_ID, HOLE_ID, DISTANCE) VALUES(32, 168, 360);;
INSERT INTO PUBLIC.TEE(TEE_SET_ID, HOLE_ID, DISTANCE) VALUES(32, 169, 183);;
INSERT INTO PUBLIC.TEE(TEE_SET_ID, HOLE_ID, DISTANCE) VALUES(32, 170, 348);;
INSERT INTO PUBLIC.TEE(TEE_SET_ID, HOLE_ID, DISTANCE) VALUES(32, 171, 147);;
INSERT INTO PUBLIC.TEE(TEE_SET_ID, HOLE_ID, DISTANCE) VALUES(32, 172, 360);;
INSERT INTO PUBLIC.TEE(TEE_SET_ID, HOLE_ID, DISTANCE) VALUES(32, 173, 533);;
INSERT INTO PUBLIC.TEE(TEE_SET_ID, HOLE_ID, DISTANCE) VALUES(32, 174, 451);;
INSERT INTO PUBLIC.TEE(TEE_SET_ID, HOLE_ID, DISTANCE) VALUES(32, 175, 355);;
INSERT INTO PUBLIC.TEE(TEE_SET_ID, HOLE_ID, DISTANCE) VALUES(32, 176, 317);;
INSERT INTO PUBLIC.TEE(TEE_SET_ID, HOLE_ID, DISTANCE) VALUES(32, 177, 170);;
INSERT INTO PUBLIC.TEE(TEE_SET_ID, HOLE_ID, DISTANCE) VALUES(32, 178, 373);;
INSERT INTO PUBLIC.TEE(TEE_SET_ID, HOLE_ID, DISTANCE) VALUES(32, 179, 163);;
INSERT INTO PUBLIC.TEE(TEE_SET_ID, HOLE_ID, DISTANCE) VALUES(32, 180, 499);;
INSERT INTO PUBLIC.TEE(TEE_SET_ID, HOLE_ID, DISTANCE) VALUES(33, 163, 482);;
INSERT INTO PUBLIC.TEE(TEE_SET_ID, HOLE_ID, DISTANCE) VALUES(33, 164, 295);;
INSERT INTO PUBLIC.TEE(TEE_SET_ID, HOLE_ID, DISTANCE) VALUES(33, 165, 123);;
INSERT INTO PUBLIC.TEE(TEE_SET_ID, HOLE_ID, DISTANCE) VALUES(33, 166, 463);;
INSERT INTO PUBLIC.TEE(TEE_SET_ID, HOLE_ID, DISTANCE) VALUES(33, 167, 535);;
INSERT INTO PUBLIC.TEE(TEE_SET_ID, HOLE_ID, DISTANCE) VALUES(33, 168, 312);;
INSERT INTO PUBLIC.TEE(TEE_SET_ID, HOLE_ID, DISTANCE) VALUES(33, 169, 127);;
INSERT INTO PUBLIC.TEE(TEE_SET_ID, HOLE_ID, DISTANCE) VALUES(33, 170, 313);;
INSERT INTO PUBLIC.TEE(TEE_SET_ID, HOLE_ID, DISTANCE) VALUES(33, 171, 130);;
INSERT INTO PUBLIC.TEE(TEE_SET_ID, HOLE_ID, DISTANCE) VALUES(33, 172, 308);;
INSERT INTO PUBLIC.TEE(TEE_SET_ID, HOLE_ID, DISTANCE) VALUES(33, 173, 468);;
INSERT INTO PUBLIC.TEE(TEE_SET_ID, HOLE_ID, DISTANCE) VALUES(33, 174, 408);;
INSERT INTO PUBLIC.TEE(TEE_SET_ID, HOLE_ID, DISTANCE) VALUES(33, 175, 319);;
INSERT INTO PUBLIC.TEE(TEE_SET_ID, HOLE_ID, DISTANCE) VALUES(33, 176, 279);;
INSERT INTO PUBLIC.TEE(TEE_SET_ID, HOLE_ID, DISTANCE) VALUES(33, 177, 127);;
INSERT INTO PUBLIC.TEE(TEE_SET_ID, HOLE_ID, DISTANCE) VALUES(33, 178, 322);;
INSERT INTO PUBLIC.TEE(TEE_SET_ID, HOLE_ID, DISTANCE) VALUES(33, 179, 125);;
INSERT INTO PUBLIC.TEE(TEE_SET_ID, HOLE_ID, DISTANCE) VALUES(33, 180, 472);;
INSERT INTO PUBLIC.TEE(TEE_SET_ID, HOLE_ID, DISTANCE) VALUES(34, 163, 450);;
INSERT INTO PUBLIC.TEE(TEE_SET_ID, HOLE_ID, DISTANCE) VALUES(34, 164, 235);;
INSERT INTO PUBLIC.TEE(TEE_SET_ID, HOLE_ID, DISTANCE) VALUES(34, 165, 98);;
INSERT INTO PUBLIC.TEE(TEE_SET_ID, HOLE_ID, DISTANCE) VALUES(34, 166, 407);;
INSERT INTO PUBLIC.TEE(TEE_SET_ID, HOLE_ID, DISTANCE) VALUES(34, 167, 476);;
INSERT INTO PUBLIC.TEE(TEE_SET_ID, HOLE_ID, DISTANCE) VALUES(34, 168, 263);;
INSERT INTO PUBLIC.TEE(TEE_SET_ID, HOLE_ID, DISTANCE) VALUES(34, 169, 93);;
INSERT INTO PUBLIC.TEE(TEE_SET_ID, HOLE_ID, DISTANCE) VALUES(34, 170, 262);;
INSERT INTO PUBLIC.TEE(TEE_SET_ID, HOLE_ID, DISTANCE) VALUES(34, 171, 94);;
INSERT INTO PUBLIC.TEE(TEE_SET_ID, HOLE_ID, DISTANCE) VALUES(34, 172, 248);;
INSERT INTO PUBLIC.TEE(TEE_SET_ID, HOLE_ID, DISTANCE) VALUES(34, 173, 437);;
INSERT INTO PUBLIC.TEE(TEE_SET_ID, HOLE_ID, DISTANCE) VALUES(34, 174, 286);;
INSERT INTO PUBLIC.TEE(TEE_SET_ID, HOLE_ID, DISTANCE) VALUES(34, 175, 265);;
INSERT INTO PUBLIC.TEE(TEE_SET_ID, HOLE_ID, DISTANCE) VALUES(34, 176, 245);;
INSERT INTO PUBLIC.TEE(TEE_SET_ID, HOLE_ID, DISTANCE) VALUES(34, 177, 105);;
INSERT INTO PUBLIC.TEE(TEE_SET_ID, HOLE_ID, DISTANCE) VALUES(34, 178, 280);;
INSERT INTO PUBLIC.TEE(TEE_SET_ID, HOLE_ID, DISTANCE) VALUES(34, 179, 90);;
INSERT INTO PUBLIC.TEE(TEE_SET_ID, HOLE_ID, DISTANCE) VALUES(34, 180, 410);;
INSERT INTO PUBLIC.TEE(TEE_SET_ID, HOLE_ID, DISTANCE) VALUES(35, 181, 451);;
INSERT INTO PUBLIC.TEE(TEE_SET_ID, HOLE_ID, DISTANCE) VALUES(35, 182, 361);;
INSERT INTO PUBLIC.TEE(TEE_SET_ID, HOLE_ID, DISTANCE) VALUES(35, 183, 587);;
INSERT INTO PUBLIC.TEE(TEE_SET_ID, HOLE_ID, DISTANCE) VALUES(35, 184, 195);;
INSERT INTO PUBLIC.TEE(TEE_SET_ID, HOLE_ID, DISTANCE) VALUES(35, 185, 463);;
INSERT INTO PUBLIC.TEE(TEE_SET_ID, HOLE_ID, DISTANCE) VALUES(35, 186, 600);;
INSERT INTO PUBLIC.TEE(TEE_SET_ID, HOLE_ID, DISTANCE) VALUES(35, 187, 238);;
INSERT INTO PUBLIC.TEE(TEE_SET_ID, HOLE_ID, DISTANCE) VALUES(35, 188, 435);;
INSERT INTO PUBLIC.TEE(TEE_SET_ID, HOLE_ID, DISTANCE) VALUES(35, 189, 485);;
INSERT INTO PUBLIC.TEE(TEE_SET_ID, HOLE_ID, DISTANCE) VALUES(35, 190, 442);;
INSERT INTO PUBLIC.TEE(TEE_SET_ID, HOLE_ID, DISTANCE) VALUES(35, 191, 597);;
INSERT INTO PUBLIC.TEE(TEE_SET_ID, HOLE_ID, DISTANCE) VALUES(35, 192, 445);;
INSERT INTO PUBLIC.TEE(TEE_SET_ID, HOLE_ID, DISTANCE) VALUES(35, 193, 206);;
INSERT INTO PUBLIC.TEE(TEE_SET_ID, HOLE_ID, DISTANCE) VALUES(35, 194, 443);;
INSERT INTO PUBLIC.TEE(TEE_SET_ID, HOLE_ID, DISTANCE) VALUES(35, 195, 644);;
INSERT INTO PUBLIC.TEE(TEE_SET_ID, HOLE_ID, DISTANCE) VALUES(35, 196, 471);;
INSERT INTO PUBLIC.TEE(TEE_SET_ID, HOLE_ID, DISTANCE) VALUES(35, 197, 202);;
INSERT INTO PUBLIC.TEE(TEE_SET_ID, HOLE_ID, DISTANCE) VALUES(35, 198, 440);;
INSERT INTO PUBLIC.TEE(TEE_SET_ID, HOLE_ID, DISTANCE) VALUES(36, 181, 424);;
INSERT INTO PUBLIC.TEE(TEE_SET_ID, HOLE_ID, DISTANCE) VALUES(36, 182, 334);;
INSERT INTO PUBLIC.TEE(TEE_SET_ID, HOLE_ID, DISTANCE) VALUES(36, 183, 555);;
INSERT INTO PUBLIC.TEE(TEE_SET_ID, HOLE_ID, DISTANCE) VALUES(36, 184, 187);;
INSERT INTO PUBLIC.TEE(TEE_SET_ID, HOLE_ID, DISTANCE) VALUES(36, 185, 454);;
INSERT INTO PUBLIC.TEE(TEE_SET_ID, HOLE_ID, DISTANCE) VALUES(36, 186, 570);;
INSERT INTO PUBLIC.TEE(TEE_SET_ID, HOLE_ID, DISTANCE) VALUES(36, 187, 215);;
INSERT INTO PUBLIC.TEE(TEE_SET_ID, HOLE_ID, DISTANCE) VALUES(36, 188, 389);;
INSERT INTO PUBLIC.TEE(TEE_SET_ID, HOLE_ID, DISTANCE) VALUES(36, 189, 427);;
INSERT INTO PUBLIC.TEE(TEE_SET_ID, HOLE_ID, DISTANCE) VALUES(36, 190, 422);;
INSERT INTO PUBLIC.TEE(TEE_SET_ID, HOLE_ID, DISTANCE) VALUES(36, 191, 581);;
INSERT INTO PUBLIC.TEE(TEE_SET_ID, HOLE_ID, DISTANCE) VALUES(36, 192, 421);;
INSERT INTO PUBLIC.TEE(TEE_SET_ID, HOLE_ID, DISTANCE) VALUES(36, 193, 177);;
INSERT INTO PUBLIC.TEE(TEE_SET_ID, HOLE_ID, DISTANCE) VALUES(36, 194, 409);;
INSERT INTO PUBLIC.TEE(TEE_SET_ID, HOLE_ID, DISTANCE) VALUES(36, 195, 605);;
INSERT INTO PUBLIC.TEE(TEE_SET_ID, HOLE_ID, DISTANCE) VALUES(36, 196, 459);;
INSERT INTO PUBLIC.TEE(TEE_SET_ID, HOLE_ID, DISTANCE) VALUES(36, 197, 171);;
INSERT INTO PUBLIC.TEE(TEE_SET_ID, HOLE_ID, DISTANCE) VALUES(36, 198, 411);;
INSERT INTO PUBLIC.TEE(TEE_SET_ID, HOLE_ID, DISTANCE) VALUES(37, 181, 416);;
INSERT INTO PUBLIC.TEE(TEE_SET_ID, HOLE_ID, DISTANCE) VALUES(37, 182, 310);;
INSERT INTO PUBLIC.TEE(TEE_SET_ID, HOLE_ID, DISTANCE) VALUES(37, 183, 532);;
INSERT INTO PUBLIC.TEE(TEE_SET_ID, HOLE_ID, DISTANCE) VALUES(37, 184, 170);;
INSERT INTO PUBLIC.TEE(TEE_SET_ID, HOLE_ID, DISTANCE) VALUES(37, 185, 424);;
INSERT INTO PUBLIC.TEE(TEE_SET_ID, HOLE_ID, DISTANCE) VALUES(37, 186, 552);;
INSERT INTO PUBLIC.TEE(TEE_SET_ID, HOLE_ID, DISTANCE) VALUES(37, 187, 190);;
INSERT INTO PUBLIC.TEE(TEE_SET_ID, HOLE_ID, DISTANCE) VALUES(37, 188, 360);;
INSERT INTO PUBLIC.TEE(TEE_SET_ID, HOLE_ID, DISTANCE) VALUES(37, 189, 404);;
INSERT INTO PUBLIC.TEE(TEE_SET_ID, HOLE_ID, DISTANCE) VALUES(37, 190, 396);;
INSERT INTO PUBLIC.TEE(TEE_SET_ID, HOLE_ID, DISTANCE) VALUES(37, 191, 546);;
INSERT INTO PUBLIC.TEE(TEE_SET_ID, HOLE_ID, DISTANCE) VALUES(37, 192, 397);;
INSERT INTO PUBLIC.TEE(TEE_SET_ID, HOLE_ID, DISTANCE) VALUES(37, 193, 156);;
INSERT INTO PUBLIC.TEE(TEE_SET_ID, HOLE_ID, DISTANCE) VALUES(37, 194, 380);;
INSERT INTO PUBLIC.TEE(TEE_SET_ID, HOLE_ID, DISTANCE) VALUES(37, 195, 573);;
INSERT INTO PUBLIC.TEE(TEE_SET_ID, HOLE_ID, DISTANCE) VALUES(37, 196, 436);;
INSERT INTO PUBLIC.TEE(TEE_SET_ID, HOLE_ID, DISTANCE) VALUES(37, 197, 160);;
INSERT INTO PUBLIC.TEE(TEE_SET_ID, HOLE_ID, DISTANCE) VALUES(37, 198, 374);;
INSERT INTO PUBLIC.TEE(TEE_SET_ID, HOLE_ID, DISTANCE) VALUES(38, 181, 392);;
INSERT INTO PUBLIC.TEE(TEE_SET_ID, HOLE_ID, DISTANCE) VALUES(38, 182, 260);;
INSERT INTO PUBLIC.TEE(TEE_SET_ID, HOLE_ID, DISTANCE) VALUES(38, 183, 504);;
INSERT INTO PUBLIC.TEE(TEE_SET_ID, HOLE_ID, DISTANCE) VALUES(38, 184, 156);;
INSERT INTO PUBLIC.TEE(TEE_SET_ID, HOLE_ID, DISTANCE) VALUES(38, 185, 387);;
INSERT INTO PUBLIC.TEE(TEE_SET_ID, HOLE_ID, DISTANCE) VALUES(38, 186, 497);;
INSERT INTO PUBLIC.TEE(TEE_SET_ID, HOLE_ID, DISTANCE) VALUES(38, 187, 174);;
INSERT INTO PUBLIC.TEE(TEE_SET_ID, HOLE_ID, DISTANCE) VALUES(38, 188, 331);;
INSERT INTO PUBLIC.TEE(TEE_SET_ID, HOLE_ID, DISTANCE) VALUES(38, 189, 363);;
INSERT INTO PUBLIC.TEE(TEE_SET_ID, HOLE_ID, DISTANCE) VALUES(38, 190, 353);;
INSERT INTO PUBLIC.TEE(TEE_SET_ID, HOLE_ID, DISTANCE) VALUES(38, 191, 502);;
INSERT INTO PUBLIC.TEE(TEE_SET_ID, HOLE_ID, DISTANCE) VALUES(38, 192, 343);;
INSERT INTO PUBLIC.TEE(TEE_SET_ID, HOLE_ID, DISTANCE) VALUES(38, 193, 137);;
INSERT INTO PUBLIC.TEE(TEE_SET_ID, HOLE_ID, DISTANCE) VALUES(38, 194, 338);;
INSERT INTO PUBLIC.TEE(TEE_SET_ID, HOLE_ID, DISTANCE) VALUES(38, 195, 522);;
INSERT INTO PUBLIC.TEE(TEE_SET_ID, HOLE_ID, DISTANCE) VALUES(38, 196, 395);;
INSERT INTO PUBLIC.TEE(TEE_SET_ID, HOLE_ID, DISTANCE) VALUES(38, 197, 149);;
INSERT INTO PUBLIC.TEE(TEE_SET_ID, HOLE_ID, DISTANCE) VALUES(38, 198, 341);;
INSERT INTO PUBLIC.TEE(TEE_SET_ID, HOLE_ID, DISTANCE) VALUES(39, 181, 321);;
INSERT INTO PUBLIC.TEE(TEE_SET_ID, HOLE_ID, DISTANCE) VALUES(39, 182, 219);;
INSERT INTO PUBLIC.TEE(TEE_SET_ID, HOLE_ID, DISTANCE) VALUES(39, 183, 448);;
INSERT INTO PUBLIC.TEE(TEE_SET_ID, HOLE_ID, DISTANCE) VALUES(39, 184, 136);;
INSERT INTO PUBLIC.TEE(TEE_SET_ID, HOLE_ID, DISTANCE) VALUES(39, 185, 310);;
INSERT INTO PUBLIC.TEE(TEE_SET_ID, HOLE_ID, DISTANCE) VALUES(39, 186, 459);;
INSERT INTO PUBLIC.TEE(TEE_SET_ID, HOLE_ID, DISTANCE) VALUES(39, 187, 121);;
INSERT INTO PUBLIC.TEE(TEE_SET_ID, HOLE_ID, DISTANCE) VALUES(39, 188, 302);;
INSERT INTO PUBLIC.TEE(TEE_SET_ID, HOLE_ID, DISTANCE) VALUES(39, 189, 315);;
INSERT INTO PUBLIC.TEE(TEE_SET_ID, HOLE_ID, DISTANCE) VALUES(39, 190, 298);;
INSERT INTO PUBLIC.TEE(TEE_SET_ID, HOLE_ID, DISTANCE) VALUES(39, 191, 455);;
INSERT INTO PUBLIC.TEE(TEE_SET_ID, HOLE_ID, DISTANCE) VALUES(39, 192, 312);;
INSERT INTO PUBLIC.TEE(TEE_SET_ID, HOLE_ID, DISTANCE) VALUES(39, 193, 111);;
INSERT INTO PUBLIC.TEE(TEE_SET_ID, HOLE_ID, DISTANCE) VALUES(39, 194, 299);;
INSERT INTO PUBLIC.TEE(TEE_SET_ID, HOLE_ID, DISTANCE) VALUES(39, 195, 470);;
INSERT INTO PUBLIC.TEE(TEE_SET_ID, HOLE_ID, DISTANCE) VALUES(39, 196, 348);;
INSERT INTO PUBLIC.TEE(TEE_SET_ID, HOLE_ID, DISTANCE) VALUES(39, 197, 126);;
INSERT INTO PUBLIC.TEE(TEE_SET_ID, HOLE_ID, DISTANCE) VALUES(39, 198, 298);;
INSERT INTO PUBLIC.TEE(TEE_SET_ID, HOLE_ID, DISTANCE) VALUES(40, 199, 432);;
INSERT INTO PUBLIC.TEE(TEE_SET_ID, HOLE_ID, DISTANCE) VALUES(40, 200, 186);;
INSERT INTO PUBLIC.TEE(TEE_SET_ID, HOLE_ID, DISTANCE) VALUES(40, 201, 347);;
INSERT INTO PUBLIC.TEE(TEE_SET_ID, HOLE_ID, DISTANCE) VALUES(40, 202, 234);;
INSERT INTO PUBLIC.TEE(TEE_SET_ID, HOLE_ID, DISTANCE) VALUES(40, 203, 426);;
INSERT INTO PUBLIC.TEE(TEE_SET_ID, HOLE_ID, DISTANCE) VALUES(40, 204, 466);;
INSERT INTO PUBLIC.TEE(TEE_SET_ID, HOLE_ID, DISTANCE) VALUES(40, 205, 529);;
INSERT INTO PUBLIC.TEE(TEE_SET_ID, HOLE_ID, DISTANCE) VALUES(40, 206, 588);;
INSERT INTO PUBLIC.TEE(TEE_SET_ID, HOLE_ID, DISTANCE) VALUES(40, 207, 432);;
INSERT INTO PUBLIC.TEE(TEE_SET_ID, HOLE_ID, DISTANCE) VALUES(40, 208, 423);;
INSERT INTO PUBLIC.TEE(TEE_SET_ID, HOLE_ID, DISTANCE) VALUES(40, 209, 346);;
INSERT INTO PUBLIC.TEE(TEE_SET_ID, HOLE_ID, DISTANCE) VALUES(40, 210, 446);;
INSERT INTO PUBLIC.TEE(TEE_SET_ID, HOLE_ID, DISTANCE) VALUES(40, 211, 186);;
INSERT INTO PUBLIC.TEE(TEE_SET_ID, HOLE_ID, DISTANCE) VALUES(40, 212, 441);;
INSERT INTO PUBLIC.TEE(TEE_SET_ID, HOLE_ID, DISTANCE) VALUES(40, 213, 475);;
INSERT INTO PUBLIC.TEE(TEE_SET_ID, HOLE_ID, DISTANCE) VALUES(40, 214, 155);;
INSERT INTO PUBLIC.TEE(TEE_SET_ID, HOLE_ID, DISTANCE) VALUES(40, 215, 354);;
INSERT INTO PUBLIC.TEE(TEE_SET_ID, HOLE_ID, DISTANCE) VALUES(40, 216, 557);;
INSERT INTO PUBLIC.TEE(TEE_SET_ID, HOLE_ID, DISTANCE) VALUES(41, 199, 414);;
INSERT INTO PUBLIC.TEE(TEE_SET_ID, HOLE_ID, DISTANCE) VALUES(41, 200, 162);;
INSERT INTO PUBLIC.TEE(TEE_SET_ID, HOLE_ID, DISTANCE) VALUES(41, 201, 337);;
INSERT INTO PUBLIC.TEE(TEE_SET_ID, HOLE_ID, DISTANCE) VALUES(41, 202, 204);;
INSERT INTO PUBLIC.TEE(TEE_SET_ID, HOLE_ID, DISTANCE) VALUES(41, 203, 394);;
INSERT INTO PUBLIC.TEE(TEE_SET_ID, HOLE_ID, DISTANCE) VALUES(41, 204, 397);;
INSERT INTO PUBLIC.TEE(TEE_SET_ID, HOLE_ID, DISTANCE) VALUES(41, 205, 487);;
INSERT INTO PUBLIC.TEE(TEE_SET_ID, HOLE_ID, DISTANCE) VALUES(41, 206, 575);;
INSERT INTO PUBLIC.TEE(TEE_SET_ID, HOLE_ID, DISTANCE) VALUES(41, 207, 424);;
INSERT INTO PUBLIC.TEE(TEE_SET_ID, HOLE_ID, DISTANCE) VALUES(41, 208, 401);;
INSERT INTO PUBLIC.TEE(TEE_SET_ID, HOLE_ID, DISTANCE) VALUES(41, 209, 324);;
INSERT INTO PUBLIC.TEE(TEE_SET_ID, HOLE_ID, DISTANCE) VALUES(41, 210, 427);;
INSERT INTO PUBLIC.TEE(TEE_SET_ID, HOLE_ID, DISTANCE) VALUES(41, 211, 176);;
INSERT INTO PUBLIC.TEE(TEE_SET_ID, HOLE_ID, DISTANCE) VALUES(41, 212, 430);;
INSERT INTO PUBLIC.TEE(TEE_SET_ID, HOLE_ID, DISTANCE) VALUES(41, 213, 465);;
INSERT INTO PUBLIC.TEE(TEE_SET_ID, HOLE_ID, DISTANCE) VALUES(41, 214, 147);;
INSERT INTO PUBLIC.TEE(TEE_SET_ID, HOLE_ID, DISTANCE) VALUES(41, 215, 347);;
INSERT INTO PUBLIC.TEE(TEE_SET_ID, HOLE_ID, DISTANCE) VALUES(41, 216, 523);;
INSERT INTO PUBLIC.TEE(TEE_SET_ID, HOLE_ID, DISTANCE) VALUES(42, 199, 355);;
INSERT INTO PUBLIC.TEE(TEE_SET_ID, HOLE_ID, DISTANCE) VALUES(42, 200, 126);;
INSERT INTO PUBLIC.TEE(TEE_SET_ID, HOLE_ID, DISTANCE) VALUES(42, 201, 294);;
INSERT INTO PUBLIC.TEE(TEE_SET_ID, HOLE_ID, DISTANCE) VALUES(42, 202, 185);;
INSERT INTO PUBLIC.TEE(TEE_SET_ID, HOLE_ID, DISTANCE) VALUES(42, 203, 363);;
INSERT INTO PUBLIC.TEE(TEE_SET_ID, HOLE_ID, DISTANCE) VALUES(42, 204, 378);;
INSERT INTO PUBLIC.TEE(TEE_SET_ID, HOLE_ID, DISTANCE) VALUES(42, 205, 460);;
INSERT INTO PUBLIC.TEE(TEE_SET_ID, HOLE_ID, DISTANCE) VALUES(42, 206, 555);;
INSERT INTO PUBLIC.TEE(TEE_SET_ID, HOLE_ID, DISTANCE) VALUES(42, 207, 400);;
INSERT INTO PUBLIC.TEE(TEE_SET_ID, HOLE_ID, DISTANCE) VALUES(42, 208, 371);;
INSERT INTO PUBLIC.TEE(TEE_SET_ID, HOLE_ID, DISTANCE) VALUES(42, 209, 298);;
INSERT INTO PUBLIC.TEE(TEE_SET_ID, HOLE_ID, DISTANCE) VALUES(42, 210, 406);;
INSERT INTO PUBLIC.TEE(TEE_SET_ID, HOLE_ID, DISTANCE) VALUES(42, 211, 154);;
INSERT INTO PUBLIC.TEE(TEE_SET_ID, HOLE_ID, DISTANCE) VALUES(42, 212, 386);;
INSERT INTO PUBLIC.TEE(TEE_SET_ID, HOLE_ID, DISTANCE) VALUES(42, 213, 432);;
INSERT INTO PUBLIC.TEE(TEE_SET_ID, HOLE_ID, DISTANCE) VALUES(42, 214, 122);;
INSERT INTO PUBLIC.TEE(TEE_SET_ID, HOLE_ID, DISTANCE) VALUES(42, 215, 314);;
INSERT INTO PUBLIC.TEE(TEE_SET_ID, HOLE_ID, DISTANCE) VALUES(42, 216, 487);;
INSERT INTO PUBLIC.TEE(TEE_SET_ID, HOLE_ID, DISTANCE) VALUES(43, 199, 313);;
INSERT INTO PUBLIC.TEE(TEE_SET_ID, HOLE_ID, DISTANCE) VALUES(43, 200, 103);;
INSERT INTO PUBLIC.TEE(TEE_SET_ID, HOLE_ID, DISTANCE) VALUES(43, 201, 260);;
INSERT INTO PUBLIC.TEE(TEE_SET_ID, HOLE_ID, DISTANCE) VALUES(43, 202, 170);;
INSERT INTO PUBLIC.TEE(TEE_SET_ID, HOLE_ID, DISTANCE) VALUES(43, 203, 274);;
INSERT INTO PUBLIC.TEE(TEE_SET_ID, HOLE_ID, DISTANCE) VALUES(43, 204, 303);;
INSERT INTO PUBLIC.TEE(TEE_SET_ID, HOLE_ID, DISTANCE) VALUES(43, 205, 433);;
INSERT INTO PUBLIC.TEE(TEE_SET_ID, HOLE_ID, DISTANCE) VALUES(43, 206, 493);;
INSERT INTO PUBLIC.TEE(TEE_SET_ID, HOLE_ID, DISTANCE) VALUES(43, 207, 333);;
INSERT INTO PUBLIC.TEE(TEE_SET_ID, HOLE_ID, DISTANCE) VALUES(43, 208, 315);;
INSERT INTO PUBLIC.TEE(TEE_SET_ID, HOLE_ID, DISTANCE) VALUES(43, 209, 276);;
INSERT INTO PUBLIC.TEE(TEE_SET_ID, HOLE_ID, DISTANCE) VALUES(43, 210, 366);;
INSERT INTO PUBLIC.TEE(TEE_SET_ID, HOLE_ID, DISTANCE) VALUES(43, 211, 137);;
INSERT INTO PUBLIC.TEE(TEE_SET_ID, HOLE_ID, DISTANCE) VALUES(43, 212, 344);;
INSERT INTO PUBLIC.TEE(TEE_SET_ID, HOLE_ID, DISTANCE) VALUES(43, 213, 409);;
INSERT INTO PUBLIC.TEE(TEE_SET_ID, HOLE_ID, DISTANCE) VALUES(43, 214, 14);;
INSERT INTO PUBLIC.TEE(TEE_SET_ID, HOLE_ID, DISTANCE) VALUES(43, 215, 266);;
INSERT INTO PUBLIC.TEE(TEE_SET_ID, HOLE_ID, DISTANCE) VALUES(43, 216, 454);;
INSERT INTO PUBLIC.TEE(TEE_SET_ID, HOLE_ID, DISTANCE) VALUES(44, 217, 511);;
INSERT INTO PUBLIC.TEE(TEE_SET_ID, HOLE_ID, DISTANCE) VALUES(44, 218, 462);;
INSERT INTO PUBLIC.TEE(TEE_SET_ID, HOLE_ID, DISTANCE) VALUES(44, 219, 422);;
INSERT INTO PUBLIC.TEE(TEE_SET_ID, HOLE_ID, DISTANCE) VALUES(44, 220, 191);;
INSERT INTO PUBLIC.TEE(TEE_SET_ID, HOLE_ID, DISTANCE) VALUES(44, 221, 384);;
INSERT INTO PUBLIC.TEE(TEE_SET_ID, HOLE_ID, DISTANCE) VALUES(44, 222, 379);;
INSERT INTO PUBLIC.TEE(TEE_SET_ID, HOLE_ID, DISTANCE) VALUES(44, 223, 409);;
INSERT INTO PUBLIC.TEE(TEE_SET_ID, HOLE_ID, DISTANCE) VALUES(44, 224, 155);;
INSERT INTO PUBLIC.TEE(TEE_SET_ID, HOLE_ID, DISTANCE) VALUES(44, 225, 493);;
INSERT INTO PUBLIC.TEE(TEE_SET_ID, HOLE_ID, DISTANCE) VALUES(44, 226, 427);;
INSERT INTO PUBLIC.TEE(TEE_SET_ID, HOLE_ID, DISTANCE) VALUES(44, 227, 171);;
INSERT INTO PUBLIC.TEE(TEE_SET_ID, HOLE_ID, DISTANCE) VALUES(44, 228, 412);;
INSERT INTO PUBLIC.TEE(TEE_SET_ID, HOLE_ID, DISTANCE) VALUES(44, 229, 329);;
INSERT INTO PUBLIC.TEE(TEE_SET_ID, HOLE_ID, DISTANCE) VALUES(44, 230, 475);;
INSERT INTO PUBLIC.TEE(TEE_SET_ID, HOLE_ID, DISTANCE) VALUES(44, 231, 183);;
INSERT INTO PUBLIC.TEE(TEE_SET_ID, HOLE_ID, DISTANCE) VALUES(44, 232, 582);;
INSERT INTO PUBLIC.TEE(TEE_SET_ID, HOLE_ID, DISTANCE) VALUES(44, 233, 341);;
INSERT INTO PUBLIC.TEE(TEE_SET_ID, HOLE_ID, DISTANCE) VALUES(44, 234, 440);;
INSERT INTO PUBLIC.TEE(TEE_SET_ID, HOLE_ID, DISTANCE) VALUES(45, 217, 465);;
INSERT INTO PUBLIC.TEE(TEE_SET_ID, HOLE_ID, DISTANCE) VALUES(45, 218, 418);;
INSERT INTO PUBLIC.TEE(TEE_SET_ID, HOLE_ID, DISTANCE) VALUES(45, 219, 384);;
INSERT INTO PUBLIC.TEE(TEE_SET_ID, HOLE_ID, DISTANCE) VALUES(45, 220, 160);;
INSERT INTO PUBLIC.TEE(TEE_SET_ID, HOLE_ID, DISTANCE) VALUES(45, 221, 333);;
INSERT INTO PUBLIC.TEE(TEE_SET_ID, HOLE_ID, DISTANCE) VALUES(45, 222, 342);;
INSERT INTO PUBLIC.TEE(TEE_SET_ID, HOLE_ID, DISTANCE) VALUES(45, 223, 348);;
INSERT INTO PUBLIC.TEE(TEE_SET_ID, HOLE_ID, DISTANCE) VALUES(45, 224, 125);;
INSERT INTO PUBLIC.TEE(TEE_SET_ID, HOLE_ID, DISTANCE) VALUES(45, 225, 446);;
INSERT INTO PUBLIC.TEE(TEE_SET_ID, HOLE_ID, DISTANCE) VALUES(45, 226, 383);;
INSERT INTO PUBLIC.TEE(TEE_SET_ID, HOLE_ID, DISTANCE) VALUES(45, 227, 129);;
INSERT INTO PUBLIC.TEE(TEE_SET_ID, HOLE_ID, DISTANCE) VALUES(45, 228, 373);;
INSERT INTO PUBLIC.TEE(TEE_SET_ID, HOLE_ID, DISTANCE) VALUES(45, 229, 320);;
INSERT INTO PUBLIC.TEE(TEE_SET_ID, HOLE_ID, DISTANCE) VALUES(45, 230, 425);;
INSERT INTO PUBLIC.TEE(TEE_SET_ID, HOLE_ID, DISTANCE) VALUES(45, 231, 148);;
INSERT INTO PUBLIC.TEE(TEE_SET_ID, HOLE_ID, DISTANCE) VALUES(45, 232, 530);;
INSERT INTO PUBLIC.TEE(TEE_SET_ID, HOLE_ID, DISTANCE) VALUES(45, 233, 312);;
INSERT INTO PUBLIC.TEE(TEE_SET_ID, HOLE_ID, DISTANCE) VALUES(45, 234, 389);;
INSERT INTO PUBLIC.TEE(TEE_SET_ID, HOLE_ID, DISTANCE) VALUES(46, 217, 445);;
INSERT INTO PUBLIC.TEE(TEE_SET_ID, HOLE_ID, DISTANCE) VALUES(46, 218, 407);;
INSERT INTO PUBLIC.TEE(TEE_SET_ID, HOLE_ID, DISTANCE) VALUES(46, 219, 369);;
INSERT INTO PUBLIC.TEE(TEE_SET_ID, HOLE_ID, DISTANCE) VALUES(46, 220, 117);;
INSERT INTO PUBLIC.TEE(TEE_SET_ID, HOLE_ID, DISTANCE) VALUES(46, 221, 315);;
INSERT INTO PUBLIC.TEE(TEE_SET_ID, HOLE_ID, DISTANCE) VALUES(46, 222, 322);;
INSERT INTO PUBLIC.TEE(TEE_SET_ID, HOLE_ID, DISTANCE) VALUES(46, 223, 323);;
INSERT INTO PUBLIC.TEE(TEE_SET_ID, HOLE_ID, DISTANCE) VALUES(46, 224, 114);;
INSERT INTO PUBLIC.TEE(TEE_SET_ID, HOLE_ID, DISTANCE) VALUES(46, 225, 430);;
INSERT INTO PUBLIC.TEE(TEE_SET_ID, HOLE_ID, DISTANCE) VALUES(46, 226, 363);;
INSERT INTO PUBLIC.TEE(TEE_SET_ID, HOLE_ID, DISTANCE) VALUES(46, 227, 112);;
INSERT INTO PUBLIC.TEE(TEE_SET_ID, HOLE_ID, DISTANCE) VALUES(46, 228, 344);;
INSERT INTO PUBLIC.TEE(TEE_SET_ID, HOLE_ID, DISTANCE) VALUES(46, 229, 303);;
INSERT INTO PUBLIC.TEE(TEE_SET_ID, HOLE_ID, DISTANCE) VALUES(46, 230, 396);;
INSERT INTO PUBLIC.TEE(TEE_SET_ID, HOLE_ID, DISTANCE) VALUES(46, 231, 117);;
INSERT INTO PUBLIC.TEE(TEE_SET_ID, HOLE_ID, DISTANCE) VALUES(46, 232, 508);;
INSERT INTO PUBLIC.TEE(TEE_SET_ID, HOLE_ID, DISTANCE) VALUES(46, 233, 275);;
INSERT INTO PUBLIC.TEE(TEE_SET_ID, HOLE_ID, DISTANCE) VALUES(46, 234, 364);;
INSERT INTO PUBLIC.TEE(TEE_SET_ID, HOLE_ID, DISTANCE) VALUES(47, 217, 405);;
INSERT INTO PUBLIC.TEE(TEE_SET_ID, HOLE_ID, DISTANCE) VALUES(47, 218, 375);;
INSERT INTO PUBLIC.TEE(TEE_SET_ID, HOLE_ID, DISTANCE) VALUES(47, 219, 338);;
INSERT INTO PUBLIC.TEE(TEE_SET_ID, HOLE_ID, DISTANCE) VALUES(47, 220, 100);;
INSERT INTO PUBLIC.TEE(TEE_SET_ID, HOLE_ID, DISTANCE) VALUES(47, 221, 273);;
INSERT INTO PUBLIC.TEE(TEE_SET_ID, HOLE_ID, DISTANCE) VALUES(47, 222, 286);;
INSERT INTO PUBLIC.TEE(TEE_SET_ID, HOLE_ID, DISTANCE) VALUES(47, 223, 279);;
INSERT INTO PUBLIC.TEE(TEE_SET_ID, HOLE_ID, DISTANCE) VALUES(47, 224, 106);;
INSERT INTO PUBLIC.TEE(TEE_SET_ID, HOLE_ID, DISTANCE) VALUES(47, 225, 398);;
INSERT INTO PUBLIC.TEE(TEE_SET_ID, HOLE_ID, DISTANCE) VALUES(47, 226, 326);;
INSERT INTO PUBLIC.TEE(TEE_SET_ID, HOLE_ID, DISTANCE) VALUES(47, 227, 102);;
INSERT INTO PUBLIC.TEE(TEE_SET_ID, HOLE_ID, DISTANCE) VALUES(47, 228, 299);;
INSERT INTO PUBLIC.TEE(TEE_SET_ID, HOLE_ID, DISTANCE) VALUES(47, 229, 270);;
INSERT INTO PUBLIC.TEE(TEE_SET_ID, HOLE_ID, DISTANCE) VALUES(47, 230, 352);;
INSERT INTO PUBLIC.TEE(TEE_SET_ID, HOLE_ID, DISTANCE) VALUES(47, 231, 101);;
INSERT INTO PUBLIC.TEE(TEE_SET_ID, HOLE_ID, DISTANCE) VALUES(47, 232, 466);;
INSERT INTO PUBLIC.TEE(TEE_SET_ID, HOLE_ID, DISTANCE) VALUES(47, 233, 211);;
INSERT INTO PUBLIC.TEE(TEE_SET_ID, HOLE_ID, DISTANCE) VALUES(47, 234, 316);;
INSERT INTO PUBLIC.TEE(TEE_SET_ID, HOLE_ID, DISTANCE) VALUES(48, 235, 450);;
INSERT INTO PUBLIC.TEE(TEE_SET_ID, HOLE_ID, DISTANCE) VALUES(48, 236, 520);;
INSERT INTO PUBLIC.TEE(TEE_SET_ID, HOLE_ID, DISTANCE) VALUES(48, 237, 475);;
INSERT INTO PUBLIC.TEE(TEE_SET_ID, HOLE_ID, DISTANCE) VALUES(48, 238, 418);;
INSERT INTO PUBLIC.TEE(TEE_SET_ID, HOLE_ID, DISTANCE) VALUES(48, 239, 185);;
INSERT INTO PUBLIC.TEE(TEE_SET_ID, HOLE_ID, DISTANCE) VALUES(48, 240, 393);;
INSERT INTO PUBLIC.TEE(TEE_SET_ID, HOLE_ID, DISTANCE) VALUES(48, 241, 393);;
INSERT INTO PUBLIC.TEE(TEE_SET_ID, HOLE_ID, DISTANCE) VALUES(48, 242, 185);;
INSERT INTO PUBLIC.TEE(TEE_SET_ID, HOLE_ID, DISTANCE) VALUES(48, 243, 538);;
INSERT INTO PUBLIC.TEE(TEE_SET_ID, HOLE_ID, DISTANCE) VALUES(48, 244, 382);;
INSERT INTO PUBLIC.TEE(TEE_SET_ID, HOLE_ID, DISTANCE) VALUES(48, 245, 544);;
INSERT INTO PUBLIC.TEE(TEE_SET_ID, HOLE_ID, DISTANCE) VALUES(48, 246, 438);;
INSERT INTO PUBLIC.TEE(TEE_SET_ID, HOLE_ID, DISTANCE) VALUES(48, 247, 448);;
INSERT INTO PUBLIC.TEE(TEE_SET_ID, HOLE_ID, DISTANCE) VALUES(48, 248, 191);;
INSERT INTO PUBLIC.TEE(TEE_SET_ID, HOLE_ID, DISTANCE) VALUES(48, 249, 405);;
INSERT INTO PUBLIC.TEE(TEE_SET_ID, HOLE_ID, DISTANCE) VALUES(48, 250, 437);;
INSERT INTO PUBLIC.TEE(TEE_SET_ID, HOLE_ID, DISTANCE) VALUES(48, 251, 192);;
INSERT INTO PUBLIC.TEE(TEE_SET_ID, HOLE_ID, DISTANCE) VALUES(48, 252, 646);;
INSERT INTO PUBLIC.TEE(TEE_SET_ID, HOLE_ID, DISTANCE) VALUES(49, 235, 375);;
INSERT INTO PUBLIC.TEE(TEE_SET_ID, HOLE_ID, DISTANCE) VALUES(49, 236, 508);;
INSERT INTO PUBLIC.TEE(TEE_SET_ID, HOLE_ID, DISTANCE) VALUES(49, 237, 454);;
INSERT INTO PUBLIC.TEE(TEE_SET_ID, HOLE_ID, DISTANCE) VALUES(49, 238, 410);;
INSERT INTO PUBLIC.TEE(TEE_SET_ID, HOLE_ID, DISTANCE) VALUES(49, 239, 173);;
INSERT INTO PUBLIC.TEE(TEE_SET_ID, HOLE_ID, DISTANCE) VALUES(49, 240, 381);;
INSERT INTO PUBLIC.TEE(TEE_SET_ID, HOLE_ID, DISTANCE) VALUES(49, 241, 363);;
INSERT INTO PUBLIC.TEE(TEE_SET_ID, HOLE_ID, DISTANCE) VALUES(49, 242, 180);;
INSERT INTO PUBLIC.TEE(TEE_SET_ID, HOLE_ID, DISTANCE) VALUES(49, 243, 527);;
INSERT INTO PUBLIC.TEE(TEE_SET_ID, HOLE_ID, DISTANCE) VALUES(49, 244, 375);;
INSERT INTO PUBLIC.TEE(TEE_SET_ID, HOLE_ID, DISTANCE) VALUES(49, 245, 536);;
INSERT INTO PUBLIC.TEE(TEE_SET_ID, HOLE_ID, DISTANCE) VALUES(49, 246, 399);;
INSERT INTO PUBLIC.TEE(TEE_SET_ID, HOLE_ID, DISTANCE) VALUES(49, 247, 424);;
INSERT INTO PUBLIC.TEE(TEE_SET_ID, HOLE_ID, DISTANCE) VALUES(49, 248, 191);;
INSERT INTO PUBLIC.TEE(TEE_SET_ID, HOLE_ID, DISTANCE) VALUES(49, 249, 382);;
INSERT INTO PUBLIC.TEE(TEE_SET_ID, HOLE_ID, DISTANCE) VALUES(49, 250, 418);;
INSERT INTO PUBLIC.TEE(TEE_SET_ID, HOLE_ID, DISTANCE) VALUES(49, 251, 192);;
INSERT INTO PUBLIC.TEE(TEE_SET_ID, HOLE_ID, DISTANCE) VALUES(49, 252, 618);;
INSERT INTO PUBLIC.TEE(TEE_SET_ID, HOLE_ID, DISTANCE) VALUES(50, 235, 377);;
INSERT INTO PUBLIC.TEE(TEE_SET_ID, HOLE_ID, DISTANCE) VALUES(50, 236, 503);;
INSERT INTO PUBLIC.TEE(TEE_SET_ID, HOLE_ID, DISTANCE) VALUES(50, 237, 405);;
INSERT INTO PUBLIC.TEE(TEE_SET_ID, HOLE_ID, DISTANCE) VALUES(50, 238, 380);;
INSERT INTO PUBLIC.TEE(TEE_SET_ID, HOLE_ID, DISTANCE) VALUES(50, 239, 158);;
INSERT INTO PUBLIC.TEE(TEE_SET_ID, HOLE_ID, DISTANCE) VALUES(50, 240, 387);;
INSERT INTO PUBLIC.TEE(TEE_SET_ID, HOLE_ID, DISTANCE) VALUES(50, 241, 378);;
INSERT INTO PUBLIC.TEE(TEE_SET_ID, HOLE_ID, DISTANCE) VALUES(50, 242, 169);;
INSERT INTO PUBLIC.TEE(TEE_SET_ID, HOLE_ID, DISTANCE) VALUES(50, 243, 524);;
INSERT INTO PUBLIC.TEE(TEE_SET_ID, HOLE_ID, DISTANCE) VALUES(50, 244, 380);;
INSERT INTO PUBLIC.TEE(TEE_SET_ID, HOLE_ID, DISTANCE) VALUES(50, 245, 494);;
INSERT INTO PUBLIC.TEE(TEE_SET_ID, HOLE_ID, DISTANCE) VALUES(50, 246, 384);;
INSERT INTO PUBLIC.TEE(TEE_SET_ID, HOLE_ID, DISTANCE) VALUES(50, 247, 402);;
INSERT INTO PUBLIC.TEE(TEE_SET_ID, HOLE_ID, DISTANCE) VALUES(50, 248, 148);;
INSERT INTO PUBLIC.TEE(TEE_SET_ID, HOLE_ID, DISTANCE) VALUES(50, 249, 386);;
INSERT INTO PUBLIC.TEE(TEE_SET_ID, HOLE_ID, DISTANCE) VALUES(50, 250, 389);;
INSERT INTO PUBLIC.TEE(TEE_SET_ID, HOLE_ID, DISTANCE) VALUES(50, 251, 172);;
INSERT INTO PUBLIC.TEE(TEE_SET_ID, HOLE_ID, DISTANCE) VALUES(50, 252, 521);;
INSERT INTO PUBLIC.TEE(TEE_SET_ID, HOLE_ID, DISTANCE) VALUES(51, 235, 344);;
INSERT INTO PUBLIC.TEE(TEE_SET_ID, HOLE_ID, DISTANCE) VALUES(51, 236, 482);;
INSERT INTO PUBLIC.TEE(TEE_SET_ID, HOLE_ID, DISTANCE) VALUES(51, 237, 420);;
INSERT INTO PUBLIC.TEE(TEE_SET_ID, HOLE_ID, DISTANCE) VALUES(51, 238, 375);;
INSERT INTO PUBLIC.TEE(TEE_SET_ID, HOLE_ID, DISTANCE) VALUES(51, 239, 153);;
INSERT INTO PUBLIC.TEE(TEE_SET_ID, HOLE_ID, DISTANCE) VALUES(51, 240, 346);;
INSERT INTO PUBLIC.TEE(TEE_SET_ID, HOLE_ID, DISTANCE) VALUES(51, 241, 334);;
INSERT INTO PUBLIC.TEE(TEE_SET_ID, HOLE_ID, DISTANCE) VALUES(51, 242, 166);;
INSERT INTO PUBLIC.TEE(TEE_SET_ID, HOLE_ID, DISTANCE) VALUES(51, 243, 501);;
INSERT INTO PUBLIC.TEE(TEE_SET_ID, HOLE_ID, DISTANCE) VALUES(51, 244, 354);;
INSERT INTO PUBLIC.TEE(TEE_SET_ID, HOLE_ID, DISTANCE) VALUES(51, 245, 504);;
INSERT INTO PUBLIC.TEE(TEE_SET_ID, HOLE_ID, DISTANCE) VALUES(51, 246, 359);;
INSERT INTO PUBLIC.TEE(TEE_SET_ID, HOLE_ID, DISTANCE) VALUES(51, 247, 387);;
INSERT INTO PUBLIC.TEE(TEE_SET_ID, HOLE_ID, DISTANCE) VALUES(51, 248, 160);;
INSERT INTO PUBLIC.TEE(TEE_SET_ID, HOLE_ID, DISTANCE) VALUES(51, 249, 351);;
INSERT INTO PUBLIC.TEE(TEE_SET_ID, HOLE_ID, DISTANCE) VALUES(51, 250, 384);;
INSERT INTO PUBLIC.TEE(TEE_SET_ID, HOLE_ID, DISTANCE) VALUES(51, 251, 170);;
INSERT INTO PUBLIC.TEE(TEE_SET_ID, HOLE_ID, DISTANCE) VALUES(51, 252, 565);;
INSERT INTO PUBLIC.TEE(TEE_SET_ID, HOLE_ID, DISTANCE) VALUES(52, 235, 336);;
INSERT INTO PUBLIC.TEE(TEE_SET_ID, HOLE_ID, DISTANCE) VALUES(52, 236, 450);;
INSERT INTO PUBLIC.TEE(TEE_SET_ID, HOLE_ID, DISTANCE) VALUES(52, 237, 402);;
INSERT INTO PUBLIC.TEE(TEE_SET_ID, HOLE_ID, DISTANCE) VALUES(52, 238, 356);;
INSERT INTO PUBLIC.TEE(TEE_SET_ID, HOLE_ID, DISTANCE) VALUES(52, 239, 140);;
INSERT INTO PUBLIC.TEE(TEE_SET_ID, HOLE_ID, DISTANCE) VALUES(52, 240, 335);;
INSERT INTO PUBLIC.TEE(TEE_SET_ID, HOLE_ID, DISTANCE) VALUES(52, 241, 322);;
INSERT INTO PUBLIC.TEE(TEE_SET_ID, HOLE_ID, DISTANCE) VALUES(52, 242, 155);;
INSERT INTO PUBLIC.TEE(TEE_SET_ID, HOLE_ID, DISTANCE) VALUES(52, 243, 476);;
INSERT INTO PUBLIC.TEE(TEE_SET_ID, HOLE_ID, DISTANCE) VALUES(52, 244, 330);;
INSERT INTO PUBLIC.TEE(TEE_SET_ID, HOLE_ID, DISTANCE) VALUES(52, 245, 493);;
INSERT INTO PUBLIC.TEE(TEE_SET_ID, HOLE_ID, DISTANCE) VALUES(52, 246, 334);;
INSERT INTO PUBLIC.TEE(TEE_SET_ID, HOLE_ID, DISTANCE) VALUES(52, 247, 370);;
INSERT INTO PUBLIC.TEE(TEE_SET_ID, HOLE_ID, DISTANCE) VALUES(52, 248, 150);;
INSERT INTO PUBLIC.TEE(TEE_SET_ID, HOLE_ID, DISTANCE) VALUES(52, 249, 345);;
INSERT INTO PUBLIC.TEE(TEE_SET_ID, HOLE_ID, DISTANCE) VALUES(52, 250, 355);;
INSERT INTO PUBLIC.TEE(TEE_SET_ID, HOLE_ID, DISTANCE) VALUES(52, 251, 145);;
INSERT INTO PUBLIC.TEE(TEE_SET_ID, HOLE_ID, DISTANCE) VALUES(52, 252, 496);;
INSERT INTO PUBLIC.TEE(TEE_SET_ID, HOLE_ID, DISTANCE) VALUES(53, 235, 312);;
INSERT INTO PUBLIC.TEE(TEE_SET_ID, HOLE_ID, DISTANCE) VALUES(53, 236, 446);;
INSERT INTO PUBLIC.TEE(TEE_SET_ID, HOLE_ID, DISTANCE) VALUES(53, 237, 327);;
INSERT INTO PUBLIC.TEE(TEE_SET_ID, HOLE_ID, DISTANCE) VALUES(53, 238, 350);;
INSERT INTO PUBLIC.TEE(TEE_SET_ID, HOLE_ID, DISTANCE) VALUES(53, 239, 139);;
INSERT INTO PUBLIC.TEE(TEE_SET_ID, HOLE_ID, DISTANCE) VALUES(53, 240, 329);;
INSERT INTO PUBLIC.TEE(TEE_SET_ID, HOLE_ID, DISTANCE) VALUES(53, 241, 294);;
INSERT INTO PUBLIC.TEE(TEE_SET_ID, HOLE_ID, DISTANCE) VALUES(53, 242, 148);;
INSERT INTO PUBLIC.TEE(TEE_SET_ID, HOLE_ID, DISTANCE) VALUES(53, 243, 454);;
INSERT INTO PUBLIC.TEE(TEE_SET_ID, HOLE_ID, DISTANCE) VALUES(53, 244, 323);;
INSERT INTO PUBLIC.TEE(TEE_SET_ID, HOLE_ID, DISTANCE) VALUES(53, 245, 488);;
INSERT INTO PUBLIC.TEE(TEE_SET_ID, HOLE_ID, DISTANCE) VALUES(53, 246, 324);;
INSERT INTO PUBLIC.TEE(TEE_SET_ID, HOLE_ID, DISTANCE) VALUES(53, 247, 345);;
INSERT INTO PUBLIC.TEE(TEE_SET_ID, HOLE_ID, DISTANCE) VALUES(53, 248, 132);;
INSERT INTO PUBLIC.TEE(TEE_SET_ID, HOLE_ID, DISTANCE) VALUES(53, 249, 326);;
INSERT INTO PUBLIC.TEE(TEE_SET_ID, HOLE_ID, DISTANCE) VALUES(53, 250, 350);;
INSERT INTO PUBLIC.TEE(TEE_SET_ID, HOLE_ID, DISTANCE) VALUES(53, 251, 137);;
INSERT INTO PUBLIC.TEE(TEE_SET_ID, HOLE_ID, DISTANCE) VALUES(53, 252, 485);;
INSERT INTO PUBLIC.TEE(TEE_SET_ID, HOLE_ID, DISTANCE) VALUES(58, 271, 401);;
INSERT INTO PUBLIC.TEE(TEE_SET_ID, HOLE_ID, DISTANCE) VALUES(58, 272, 581);;
INSERT INTO PUBLIC.TEE(TEE_SET_ID, HOLE_ID, DISTANCE) VALUES(58, 273, 438);;
INSERT INTO PUBLIC.TEE(TEE_SET_ID, HOLE_ID, DISTANCE) VALUES(58, 274, 226);;
INSERT INTO PUBLIC.TEE(TEE_SET_ID, HOLE_ID, DISTANCE) VALUES(58, 275, 431);;
INSERT INTO PUBLIC.TEE(TEE_SET_ID, HOLE_ID, DISTANCE) VALUES(58, 276, 168);;
INSERT INTO PUBLIC.TEE(TEE_SET_ID, HOLE_ID, DISTANCE) VALUES(58, 277, 312);;
INSERT INTO PUBLIC.TEE(TEE_SET_ID, HOLE_ID, DISTANCE) VALUES(58, 278, 205);;
INSERT INTO PUBLIC.TEE(TEE_SET_ID, HOLE_ID, DISTANCE) VALUES(58, 279, 493);;
INSERT INTO PUBLIC.TEE(TEE_SET_ID, HOLE_ID, DISTANCE) VALUES(58, 280, 201);;
INSERT INTO PUBLIC.TEE(TEE_SET_ID, HOLE_ID, DISTANCE) VALUES(58, 281, 441);;
INSERT INTO PUBLIC.TEE(TEE_SET_ID, HOLE_ID, DISTANCE) VALUES(58, 282, 453);;
INSERT INTO PUBLIC.TEE(TEE_SET_ID, HOLE_ID, DISTANCE) VALUES(58, 283, 406);;
INSERT INTO PUBLIC.TEE(TEE_SET_ID, HOLE_ID, DISTANCE) VALUES(58, 284, 609);;
INSERT INTO PUBLIC.TEE(TEE_SET_ID, HOLE_ID, DISTANCE) VALUES(58, 285, 424);;
INSERT INTO PUBLIC.TEE(TEE_SET_ID, HOLE_ID, DISTANCE) VALUES(58, 286, 490);;
INSERT INTO PUBLIC.TEE(TEE_SET_ID, HOLE_ID, DISTANCE) VALUES(58, 287, 168);;
INSERT INTO PUBLIC.TEE(TEE_SET_ID, HOLE_ID, DISTANCE) VALUES(58, 288, 425);;
INSERT INTO PUBLIC.TEE(TEE_SET_ID, HOLE_ID, DISTANCE) VALUES(59, 271, 346);;
INSERT INTO PUBLIC.TEE(TEE_SET_ID, HOLE_ID, DISTANCE) VALUES(59, 272, 542);;
INSERT INTO PUBLIC.TEE(TEE_SET_ID, HOLE_ID, DISTANCE) VALUES(59, 273, 401);;
INSERT INTO PUBLIC.TEE(TEE_SET_ID, HOLE_ID, DISTANCE) VALUES(59, 274, 214);;
INSERT INTO PUBLIC.TEE(TEE_SET_ID, HOLE_ID, DISTANCE) VALUES(59, 275, 404);;
INSERT INTO PUBLIC.TEE(TEE_SET_ID, HOLE_ID, DISTANCE) VALUES(59, 276, 156);;
INSERT INTO PUBLIC.TEE(TEE_SET_ID, HOLE_ID, DISTANCE) VALUES(59, 277, 261);;
INSERT INTO PUBLIC.TEE(TEE_SET_ID, HOLE_ID, DISTANCE) VALUES(59, 278, 200);;
INSERT INTO PUBLIC.TEE(TEE_SET_ID, HOLE_ID, DISTANCE) VALUES(59, 279, 481);;
INSERT INTO PUBLIC.TEE(TEE_SET_ID, HOLE_ID, DISTANCE) VALUES(59, 280, 166);;
INSERT INTO PUBLIC.TEE(TEE_SET_ID, HOLE_ID, DISTANCE) VALUES(59, 281, 414);;
INSERT INTO PUBLIC.TEE(TEE_SET_ID, HOLE_ID, DISTANCE) VALUES(59, 282, 425);;
INSERT INTO PUBLIC.TEE(TEE_SET_ID, HOLE_ID, DISTANCE) VALUES(59, 283, 400);;
INSERT INTO PUBLIC.TEE(TEE_SET_ID, HOLE_ID, DISTANCE) VALUES(59, 284, 585);;
INSERT INTO PUBLIC.TEE(TEE_SET_ID, HOLE_ID, DISTANCE) VALUES(59, 285, 381);;
INSERT INTO PUBLIC.TEE(TEE_SET_ID, HOLE_ID, DISTANCE) VALUES(59, 286, 484);;
INSERT INTO PUBLIC.TEE(TEE_SET_ID, HOLE_ID, DISTANCE) VALUES(59, 287, 149);;
INSERT INTO PUBLIC.TEE(TEE_SET_ID, HOLE_ID, DISTANCE) VALUES(59, 288, 399);;
INSERT INTO PUBLIC.TEE(TEE_SET_ID, HOLE_ID, DISTANCE) VALUES(60, 271, 334);;
INSERT INTO PUBLIC.TEE(TEE_SET_ID, HOLE_ID, DISTANCE) VALUES(60, 272, 532);;
INSERT INTO PUBLIC.TEE(TEE_SET_ID, HOLE_ID, DISTANCE) VALUES(60, 273, 392);;
INSERT INTO PUBLIC.TEE(TEE_SET_ID, HOLE_ID, DISTANCE) VALUES(60, 274, 201);;
INSERT INTO PUBLIC.TEE(TEE_SET_ID, HOLE_ID, DISTANCE) VALUES(60, 275, 380);;
INSERT INTO PUBLIC.TEE(TEE_SET_ID, HOLE_ID, DISTANCE) VALUES(60, 276, 144);;
INSERT INTO PUBLIC.TEE(TEE_SET_ID, HOLE_ID, DISTANCE) VALUES(60, 277, 239);;
INSERT INTO PUBLIC.TEE(TEE_SET_ID, HOLE_ID, DISTANCE) VALUES(60, 278, 166);;
INSERT INTO PUBLIC.TEE(TEE_SET_ID, HOLE_ID, DISTANCE) VALUES(60, 279, 458);;
INSERT INTO PUBLIC.TEE(TEE_SET_ID, HOLE_ID, DISTANCE) VALUES(60, 280, 157);;
INSERT INTO PUBLIC.TEE(TEE_SET_ID, HOLE_ID, DISTANCE) VALUES(60, 281, 408);;
INSERT INTO PUBLIC.TEE(TEE_SET_ID, HOLE_ID, DISTANCE) VALUES(60, 282, 395);;
INSERT INTO PUBLIC.TEE(TEE_SET_ID, HOLE_ID, DISTANCE) VALUES(60, 283, 371);;
INSERT INTO PUBLIC.TEE(TEE_SET_ID, HOLE_ID, DISTANCE) VALUES(60, 284, 553);;
INSERT INTO PUBLIC.TEE(TEE_SET_ID, HOLE_ID, DISTANCE) VALUES(60, 285, 326);;
INSERT INTO PUBLIC.TEE(TEE_SET_ID, HOLE_ID, DISTANCE) VALUES(60, 286, 456);;
INSERT INTO PUBLIC.TEE(TEE_SET_ID, HOLE_ID, DISTANCE) VALUES(60, 287, 138);;
INSERT INTO PUBLIC.TEE(TEE_SET_ID, HOLE_ID, DISTANCE) VALUES(60, 288, 369);;
INSERT INTO PUBLIC.TEE(TEE_SET_ID, HOLE_ID, DISTANCE) VALUES(61, 271, 247);;
INSERT INTO PUBLIC.TEE(TEE_SET_ID, HOLE_ID, DISTANCE) VALUES(61, 272, 498);;
INSERT INTO PUBLIC.TEE(TEE_SET_ID, HOLE_ID, DISTANCE) VALUES(61, 273, 347);;
INSERT INTO PUBLIC.TEE(TEE_SET_ID, HOLE_ID, DISTANCE) VALUES(61, 274, 171);;
INSERT INTO PUBLIC.TEE(TEE_SET_ID, HOLE_ID, DISTANCE) VALUES(61, 275, 292);;
INSERT INTO PUBLIC.TEE(TEE_SET_ID, HOLE_ID, DISTANCE) VALUES(61, 276, 133);;
INSERT INTO PUBLIC.TEE(TEE_SET_ID, HOLE_ID, DISTANCE) VALUES(61, 277, 182);;
INSERT INTO PUBLIC.TEE(TEE_SET_ID, HOLE_ID, DISTANCE) VALUES(61, 278, 142);;
INSERT INTO PUBLIC.TEE(TEE_SET_ID, HOLE_ID, DISTANCE) VALUES(61, 279, 427);;
INSERT INTO PUBLIC.TEE(TEE_SET_ID, HOLE_ID, DISTANCE) VALUES(61, 280, 133);;
INSERT INTO PUBLIC.TEE(TEE_SET_ID, HOLE_ID, DISTANCE) VALUES(61, 281, 342);;
INSERT INTO PUBLIC.TEE(TEE_SET_ID, HOLE_ID, DISTANCE) VALUES(61, 282, 339);;
INSERT INTO PUBLIC.TEE(TEE_SET_ID, HOLE_ID, DISTANCE) VALUES(61, 283, 295);;
INSERT INTO PUBLIC.TEE(TEE_SET_ID, HOLE_ID, DISTANCE) VALUES(61, 284, 457);;
INSERT INTO PUBLIC.TEE(TEE_SET_ID, HOLE_ID, DISTANCE) VALUES(61, 285, 296);;
INSERT INTO PUBLIC.TEE(TEE_SET_ID, HOLE_ID, DISTANCE) VALUES(61, 286, 418);;
INSERT INTO PUBLIC.TEE(TEE_SET_ID, HOLE_ID, DISTANCE) VALUES(61, 287, 115);;
INSERT INTO PUBLIC.TEE(TEE_SET_ID, HOLE_ID, DISTANCE) VALUES(61, 288, 332);;
INSERT INTO PUBLIC.TEE(TEE_SET_ID, HOLE_ID, DISTANCE) VALUES(62, 289, 368);;
INSERT INTO PUBLIC.TEE(TEE_SET_ID, HOLE_ID, DISTANCE) VALUES(62, 290, 150);;
INSERT INTO PUBLIC.TEE(TEE_SET_ID, HOLE_ID, DISTANCE) VALUES(62, 291, 427);;
INSERT INTO PUBLIC.TEE(TEE_SET_ID, HOLE_ID, DISTANCE) VALUES(62, 292, 386);;
INSERT INTO PUBLIC.TEE(TEE_SET_ID, HOLE_ID, DISTANCE) VALUES(62, 293, 477);;
INSERT INTO PUBLIC.TEE(TEE_SET_ID, HOLE_ID, DISTANCE) VALUES(62, 294, 193);;
INSERT INTO PUBLIC.TEE(TEE_SET_ID, HOLE_ID, DISTANCE) VALUES(62, 295, 330);;
INSERT INTO PUBLIC.TEE(TEE_SET_ID, HOLE_ID, DISTANCE) VALUES(62, 296, 405);;
INSERT INTO PUBLIC.TEE(TEE_SET_ID, HOLE_ID, DISTANCE) VALUES(62, 297, 573);;
INSERT INTO PUBLIC.TEE(TEE_SET_ID, HOLE_ID, DISTANCE) VALUES(62, 298, 473);;
INSERT INTO PUBLIC.TEE(TEE_SET_ID, HOLE_ID, DISTANCE) VALUES(62, 299, 339);;
INSERT INTO PUBLIC.TEE(TEE_SET_ID, HOLE_ID, DISTANCE) VALUES(62, 300, 527);;
INSERT INTO PUBLIC.TEE(TEE_SET_ID, HOLE_ID, DISTANCE) VALUES(62, 301, 348);;
INSERT INTO PUBLIC.TEE(TEE_SET_ID, HOLE_ID, DISTANCE) VALUES(62, 302, 319);;
INSERT INTO PUBLIC.TEE(TEE_SET_ID, HOLE_ID, DISTANCE) VALUES(62, 303, 250);;
INSERT INTO PUBLIC.TEE(TEE_SET_ID, HOLE_ID, DISTANCE) VALUES(62, 304, 401);;
INSERT INTO PUBLIC.TEE(TEE_SET_ID, HOLE_ID, DISTANCE) VALUES(62, 305, 192);;
INSERT INTO PUBLIC.TEE(TEE_SET_ID, HOLE_ID, DISTANCE) VALUES(62, 306, 356);;
INSERT INTO PUBLIC.TEE(TEE_SET_ID, HOLE_ID, DISTANCE) VALUES(63, 289, 355);;
INSERT INTO PUBLIC.TEE(TEE_SET_ID, HOLE_ID, DISTANCE) VALUES(63, 290, 144);;
INSERT INTO PUBLIC.TEE(TEE_SET_ID, HOLE_ID, DISTANCE) VALUES(63, 291, 410);;
INSERT INTO PUBLIC.TEE(TEE_SET_ID, HOLE_ID, DISTANCE) VALUES(63, 292, 336);;
INSERT INTO PUBLIC.TEE(TEE_SET_ID, HOLE_ID, DISTANCE) VALUES(63, 293, 469);;
INSERT INTO PUBLIC.TEE(TEE_SET_ID, HOLE_ID, DISTANCE) VALUES(63, 294, 177);;
INSERT INTO PUBLIC.TEE(TEE_SET_ID, HOLE_ID, DISTANCE) VALUES(63, 295, 317);;
INSERT INTO PUBLIC.TEE(TEE_SET_ID, HOLE_ID, DISTANCE) VALUES(63, 296, 390);;
INSERT INTO PUBLIC.TEE(TEE_SET_ID, HOLE_ID, DISTANCE) VALUES(63, 297, 544);;
INSERT INTO PUBLIC.TEE(TEE_SET_ID, HOLE_ID, DISTANCE) VALUES(63, 298, 459);;
INSERT INTO PUBLIC.TEE(TEE_SET_ID, HOLE_ID, DISTANCE) VALUES(63, 299, 329);;
INSERT INTO PUBLIC.TEE(TEE_SET_ID, HOLE_ID, DISTANCE) VALUES(63, 300, 517);;
INSERT INTO PUBLIC.TEE(TEE_SET_ID, HOLE_ID, DISTANCE) VALUES(63, 301, 327);;
INSERT INTO PUBLIC.TEE(TEE_SET_ID, HOLE_ID, DISTANCE) VALUES(63, 302, 300);;
INSERT INTO PUBLIC.TEE(TEE_SET_ID, HOLE_ID, DISTANCE) VALUES(63, 303, 157);;
INSERT INTO PUBLIC.TEE(TEE_SET_ID, HOLE_ID, DISTANCE) VALUES(63, 304, 392);;
INSERT INTO PUBLIC.TEE(TEE_SET_ID, HOLE_ID, DISTANCE) VALUES(63, 305, 183);;
INSERT INTO PUBLIC.TEE(TEE_SET_ID, HOLE_ID, DISTANCE) VALUES(63, 306, 343);;
INSERT INTO PUBLIC.TEE(TEE_SET_ID, HOLE_ID, DISTANCE) VALUES(64, 289, 342);;
INSERT INTO PUBLIC.TEE(TEE_SET_ID, HOLE_ID, DISTANCE) VALUES(64, 290, 130);;
INSERT INTO PUBLIC.TEE(TEE_SET_ID, HOLE_ID, DISTANCE) VALUES(64, 291, 390);;
INSERT INTO PUBLIC.TEE(TEE_SET_ID, HOLE_ID, DISTANCE) VALUES(64, 292, 307);;
INSERT INTO PUBLIC.TEE(TEE_SET_ID, HOLE_ID, DISTANCE) VALUES(64, 293, 452);;
INSERT INTO PUBLIC.TEE(TEE_SET_ID, HOLE_ID, DISTANCE) VALUES(64, 294, 162);;
INSERT INTO PUBLIC.TEE(TEE_SET_ID, HOLE_ID, DISTANCE) VALUES(64, 295, 295);;
INSERT INTO PUBLIC.TEE(TEE_SET_ID, HOLE_ID, DISTANCE) VALUES(64, 296, 367);;
INSERT INTO PUBLIC.TEE(TEE_SET_ID, HOLE_ID, DISTANCE) VALUES(64, 297, 518);;
INSERT INTO PUBLIC.TEE(TEE_SET_ID, HOLE_ID, DISTANCE) VALUES(64, 298, 426);;
INSERT INTO PUBLIC.TEE(TEE_SET_ID, HOLE_ID, DISTANCE) VALUES(64, 299, 309);;
INSERT INTO PUBLIC.TEE(TEE_SET_ID, HOLE_ID, DISTANCE) VALUES(64, 300, 501);;
INSERT INTO PUBLIC.TEE(TEE_SET_ID, HOLE_ID, DISTANCE) VALUES(64, 301, 298);;
INSERT INTO PUBLIC.TEE(TEE_SET_ID, HOLE_ID, DISTANCE) VALUES(64, 302, 282);;
INSERT INTO PUBLIC.TEE(TEE_SET_ID, HOLE_ID, DISTANCE) VALUES(64, 303, 142);;
INSERT INTO PUBLIC.TEE(TEE_SET_ID, HOLE_ID, DISTANCE) VALUES(64, 304, 279);;
INSERT INTO PUBLIC.TEE(TEE_SET_ID, HOLE_ID, DISTANCE) VALUES(64, 305, 166);;
INSERT INTO PUBLIC.TEE(TEE_SET_ID, HOLE_ID, DISTANCE) VALUES(64, 306, 335);;
INSERT INTO PUBLIC.TEE(TEE_SET_ID, HOLE_ID, DISTANCE) VALUES(65, 289, 312);;
INSERT INTO PUBLIC.TEE(TEE_SET_ID, HOLE_ID, DISTANCE) VALUES(65, 290, 112);;
INSERT INTO PUBLIC.TEE(TEE_SET_ID, HOLE_ID, DISTANCE) VALUES(65, 291, 356);;
INSERT INTO PUBLIC.TEE(TEE_SET_ID, HOLE_ID, DISTANCE) VALUES(65, 292, 269);;
INSERT INTO PUBLIC.TEE(TEE_SET_ID, HOLE_ID, DISTANCE) VALUES(65, 293, 374);;
INSERT INTO PUBLIC.TEE(TEE_SET_ID, HOLE_ID, DISTANCE) VALUES(65, 294, 120);;
INSERT INTO PUBLIC.TEE(TEE_SET_ID, HOLE_ID, DISTANCE) VALUES(65, 295, 235);;
INSERT INTO PUBLIC.TEE(TEE_SET_ID, HOLE_ID, DISTANCE) VALUES(65, 296, 353);;
INSERT INTO PUBLIC.TEE(TEE_SET_ID, HOLE_ID, DISTANCE) VALUES(65, 297, 489);;
INSERT INTO PUBLIC.TEE(TEE_SET_ID, HOLE_ID, DISTANCE) VALUES(65, 298, 369);;
INSERT INTO PUBLIC.TEE(TEE_SET_ID, HOLE_ID, DISTANCE) VALUES(65, 299, 272);;
INSERT INTO PUBLIC.TEE(TEE_SET_ID, HOLE_ID, DISTANCE) VALUES(65, 300, 479);;
INSERT INTO PUBLIC.TEE(TEE_SET_ID, HOLE_ID, DISTANCE) VALUES(65, 301, 288);;
INSERT INTO PUBLIC.TEE(TEE_SET_ID, HOLE_ID, DISTANCE) VALUES(65, 302, 254);;
INSERT INTO PUBLIC.TEE(TEE_SET_ID, HOLE_ID, DISTANCE) VALUES(65, 303, 123);;
INSERT INTO PUBLIC.TEE(TEE_SET_ID, HOLE_ID, DISTANCE) VALUES(65, 304, 264);;
INSERT INTO PUBLIC.TEE(TEE_SET_ID, HOLE_ID, DISTANCE) VALUES(65, 305, 110);;
INSERT INTO PUBLIC.TEE(TEE_SET_ID, HOLE_ID, DISTANCE) VALUES(65, 306, 320);;
INSERT INTO PUBLIC.TEE(TEE_SET_ID, HOLE_ID, DISTANCE) VALUES(66, 307, 528);;
INSERT INTO PUBLIC.TEE(TEE_SET_ID, HOLE_ID, DISTANCE) VALUES(66, 308, 429);;
INSERT INTO PUBLIC.TEE(TEE_SET_ID, HOLE_ID, DISTANCE) VALUES(66, 309, 194);;
INSERT INTO PUBLIC.TEE(TEE_SET_ID, HOLE_ID, DISTANCE) VALUES(66, 310, 347);;
INSERT INTO PUBLIC.TEE(TEE_SET_ID, HOLE_ID, DISTANCE) VALUES(66, 311, 339);;
INSERT INTO PUBLIC.TEE(TEE_SET_ID, HOLE_ID, DISTANCE) VALUES(66, 312, 454);;
INSERT INTO PUBLIC.TEE(TEE_SET_ID, HOLE_ID, DISTANCE) VALUES(66, 313, 151);;
INSERT INTO PUBLIC.TEE(TEE_SET_ID, HOLE_ID, DISTANCE) VALUES(66, 314, 459);;
INSERT INTO PUBLIC.TEE(TEE_SET_ID, HOLE_ID, DISTANCE) VALUES(66, 315, 361);;
INSERT INTO PUBLIC.TEE(TEE_SET_ID, HOLE_ID, DISTANCE) VALUES(66, 316, 537);;
INSERT INTO PUBLIC.TEE(TEE_SET_ID, HOLE_ID, DISTANCE) VALUES(66, 317, 179);;
INSERT INTO PUBLIC.TEE(TEE_SET_ID, HOLE_ID, DISTANCE) VALUES(66, 318, 348);;
INSERT INTO PUBLIC.TEE(TEE_SET_ID, HOLE_ID, DISTANCE) VALUES(66, 319, 372);;
INSERT INTO PUBLIC.TEE(TEE_SET_ID, HOLE_ID, DISTANCE) VALUES(66, 320, 152);;
INSERT INTO PUBLIC.TEE(TEE_SET_ID, HOLE_ID, DISTANCE) VALUES(66, 321, 353);;
INSERT INTO PUBLIC.TEE(TEE_SET_ID, HOLE_ID, DISTANCE) VALUES(66, 322, 377);;
INSERT INTO PUBLIC.TEE(TEE_SET_ID, HOLE_ID, DISTANCE) VALUES(66, 323, 144);;
INSERT INTO PUBLIC.TEE(TEE_SET_ID, HOLE_ID, DISTANCE) VALUES(66, 324, 619);;
INSERT INTO PUBLIC.TEE(TEE_SET_ID, HOLE_ID, DISTANCE) VALUES(67, 307, 493);;
INSERT INTO PUBLIC.TEE(TEE_SET_ID, HOLE_ID, DISTANCE) VALUES(67, 308, 397);;
INSERT INTO PUBLIC.TEE(TEE_SET_ID, HOLE_ID, DISTANCE) VALUES(67, 309, 188);;
INSERT INTO PUBLIC.TEE(TEE_SET_ID, HOLE_ID, DISTANCE) VALUES(67, 310, 330);;
INSERT INTO PUBLIC.TEE(TEE_SET_ID, HOLE_ID, DISTANCE) VALUES(67, 311, 325);;
INSERT INTO PUBLIC.TEE(TEE_SET_ID, HOLE_ID, DISTANCE) VALUES(67, 312, 386);;
INSERT INTO PUBLIC.TEE(TEE_SET_ID, HOLE_ID, DISTANCE) VALUES(67, 313, 137);;
INSERT INTO PUBLIC.TEE(TEE_SET_ID, HOLE_ID, DISTANCE) VALUES(67, 314, 447);;
INSERT INTO PUBLIC.TEE(TEE_SET_ID, HOLE_ID, DISTANCE) VALUES(67, 315, 346);;
INSERT INTO PUBLIC.TEE(TEE_SET_ID, HOLE_ID, DISTANCE) VALUES(67, 316, 512);;
INSERT INTO PUBLIC.TEE(TEE_SET_ID, HOLE_ID, DISTANCE) VALUES(67, 317, 163);;
INSERT INTO PUBLIC.TEE(TEE_SET_ID, HOLE_ID, DISTANCE) VALUES(67, 318, 344);;
INSERT INTO PUBLIC.TEE(TEE_SET_ID, HOLE_ID, DISTANCE) VALUES(67, 319, 350);;
INSERT INTO PUBLIC.TEE(TEE_SET_ID, HOLE_ID, DISTANCE) VALUES(67, 320, 125);;
INSERT INTO PUBLIC.TEE(TEE_SET_ID, HOLE_ID, DISTANCE) VALUES(67, 321, 328);;
INSERT INTO PUBLIC.TEE(TEE_SET_ID, HOLE_ID, DISTANCE) VALUES(67, 322, 347);;
INSERT INTO PUBLIC.TEE(TEE_SET_ID, HOLE_ID, DISTANCE) VALUES(67, 323, 137);;
INSERT INTO PUBLIC.TEE(TEE_SET_ID, HOLE_ID, DISTANCE) VALUES(67, 324, 556);;
INSERT INTO PUBLIC.TEE(TEE_SET_ID, HOLE_ID, DISTANCE) VALUES(68, 307, 433);;
INSERT INTO PUBLIC.TEE(TEE_SET_ID, HOLE_ID, DISTANCE) VALUES(68, 308, 372);;
INSERT INTO PUBLIC.TEE(TEE_SET_ID, HOLE_ID, DISTANCE) VALUES(68, 309, 186);;
INSERT INTO PUBLIC.TEE(TEE_SET_ID, HOLE_ID, DISTANCE) VALUES(68, 310, 289);;
INSERT INTO PUBLIC.TEE(TEE_SET_ID, HOLE_ID, DISTANCE) VALUES(68, 311, 308);;
INSERT INTO PUBLIC.TEE(TEE_SET_ID, HOLE_ID, DISTANCE) VALUES(68, 312, 349);;
INSERT INTO PUBLIC.TEE(TEE_SET_ID, HOLE_ID, DISTANCE) VALUES(68, 313, 116);;
INSERT INTO PUBLIC.TEE(TEE_SET_ID, HOLE_ID, DISTANCE) VALUES(68, 314, 422);;
INSERT INTO PUBLIC.TEE(TEE_SET_ID, HOLE_ID, DISTANCE) VALUES(68, 315, 316);;
INSERT INTO PUBLIC.TEE(TEE_SET_ID, HOLE_ID, DISTANCE) VALUES(68, 316, 483);;
INSERT INTO PUBLIC.TEE(TEE_SET_ID, HOLE_ID, DISTANCE) VALUES(68, 317, 134);;
INSERT INTO PUBLIC.TEE(TEE_SET_ID, HOLE_ID, DISTANCE) VALUES(68, 318, 328);;
INSERT INTO PUBLIC.TEE(TEE_SET_ID, HOLE_ID, DISTANCE) VALUES(68, 319, 312);;
INSERT INTO PUBLIC.TEE(TEE_SET_ID, HOLE_ID, DISTANCE) VALUES(68, 320, 114);;
INSERT INTO PUBLIC.TEE(TEE_SET_ID, HOLE_ID, DISTANCE) VALUES(68, 321, 301);;
INSERT INTO PUBLIC.TEE(TEE_SET_ID, HOLE_ID, DISTANCE) VALUES(68, 322, 325);;
INSERT INTO PUBLIC.TEE(TEE_SET_ID, HOLE_ID, DISTANCE) VALUES(68, 323, 125);;
INSERT INTO PUBLIC.TEE(TEE_SET_ID, HOLE_ID, DISTANCE) VALUES(68, 324, 513);;
INSERT INTO PUBLIC.TEE(TEE_SET_ID, HOLE_ID, DISTANCE) VALUES(69, 307, 415);;
INSERT INTO PUBLIC.TEE(TEE_SET_ID, HOLE_ID, DISTANCE) VALUES(69, 308, 350);;
INSERT INTO PUBLIC.TEE(TEE_SET_ID, HOLE_ID, DISTANCE) VALUES(69, 309, 95);;
INSERT INTO PUBLIC.TEE(TEE_SET_ID, HOLE_ID, DISTANCE) VALUES(69, 310, 268);;
INSERT INTO PUBLIC.TEE(TEE_SET_ID, HOLE_ID, DISTANCE) VALUES(69, 311, 266);;
INSERT INTO PUBLIC.TEE(TEE_SET_ID, HOLE_ID, DISTANCE) VALUES(69, 312, 317);;
INSERT INTO PUBLIC.TEE(TEE_SET_ID, HOLE_ID, DISTANCE) VALUES(69, 313, 105);;
INSERT INTO PUBLIC.TEE(TEE_SET_ID, HOLE_ID, DISTANCE) VALUES(69, 314, 398);;
INSERT INTO PUBLIC.TEE(TEE_SET_ID, HOLE_ID, DISTANCE) VALUES(69, 315, 291);;
INSERT INTO PUBLIC.TEE(TEE_SET_ID, HOLE_ID, DISTANCE) VALUES(69, 316, 462);;
INSERT INTO PUBLIC.TEE(TEE_SET_ID, HOLE_ID, DISTANCE) VALUES(69, 317, 122);;
INSERT INTO PUBLIC.TEE(TEE_SET_ID, HOLE_ID, DISTANCE) VALUES(69, 318, 219);;
INSERT INTO PUBLIC.TEE(TEE_SET_ID, HOLE_ID, DISTANCE) VALUES(69, 319, 277);;
INSERT INTO PUBLIC.TEE(TEE_SET_ID, HOLE_ID, DISTANCE) VALUES(69, 320, 100);;
INSERT INTO PUBLIC.TEE(TEE_SET_ID, HOLE_ID, DISTANCE) VALUES(69, 321, 286);;
INSERT INTO PUBLIC.TEE(TEE_SET_ID, HOLE_ID, DISTANCE) VALUES(69, 322, 296);;
INSERT INTO PUBLIC.TEE(TEE_SET_ID, HOLE_ID, DISTANCE) VALUES(69, 323, 112);;
INSERT INTO PUBLIC.TEE(TEE_SET_ID, HOLE_ID, DISTANCE) VALUES(69, 324, 483);;
INSERT INTO PUBLIC.TEE(TEE_SET_ID, HOLE_ID, DISTANCE) VALUES(70, 325, 447);;
INSERT INTO PUBLIC.TEE(TEE_SET_ID, HOLE_ID, DISTANCE) VALUES(70, 326, 525);;
INSERT INTO PUBLIC.TEE(TEE_SET_ID, HOLE_ID, DISTANCE) VALUES(70, 327, 437);;
INSERT INTO PUBLIC.TEE(TEE_SET_ID, HOLE_ID, DISTANCE) VALUES(70, 328, 170);;
INSERT INTO PUBLIC.TEE(TEE_SET_ID, HOLE_ID, DISTANCE) VALUES(70, 329, 441);;
INSERT INTO PUBLIC.TEE(TEE_SET_ID, HOLE_ID, DISTANCE) VALUES(70, 330, 350);;
INSERT INTO PUBLIC.TEE(TEE_SET_ID, HOLE_ID, DISTANCE) VALUES(70, 331, 194);;
INSERT INTO PUBLIC.TEE(TEE_SET_ID, HOLE_ID, DISTANCE) VALUES(70, 332, 394);;
INSERT INTO PUBLIC.TEE(TEE_SET_ID, HOLE_ID, DISTANCE) VALUES(70, 333, 545);;
INSERT INTO PUBLIC.TEE(TEE_SET_ID, HOLE_ID, DISTANCE) VALUES(70, 334, 400);;
INSERT INTO PUBLIC.TEE(TEE_SET_ID, HOLE_ID, DISTANCE) VALUES(70, 335, 550);;
INSERT INTO PUBLIC.TEE(TEE_SET_ID, HOLE_ID, DISTANCE) VALUES(70, 336, 227);;
INSERT INTO PUBLIC.TEE(TEE_SET_ID, HOLE_ID, DISTANCE) VALUES(70, 337, 418);;
INSERT INTO PUBLIC.TEE(TEE_SET_ID, HOLE_ID, DISTANCE) VALUES(70, 338, 396);;
INSERT INTO PUBLIC.TEE(TEE_SET_ID, HOLE_ID, DISTANCE) VALUES(70, 339, 449);;
INSERT INTO PUBLIC.TEE(TEE_SET_ID, HOLE_ID, DISTANCE) VALUES(70, 340, 206);;
INSERT INTO PUBLIC.TEE(TEE_SET_ID, HOLE_ID, DISTANCE) VALUES(70, 341, 535);;
INSERT INTO PUBLIC.TEE(TEE_SET_ID, HOLE_ID, DISTANCE) VALUES(70, 342, 463);;
INSERT INTO PUBLIC.TEE(TEE_SET_ID, HOLE_ID, DISTANCE) VALUES(71, 325, 423);;
INSERT INTO PUBLIC.TEE(TEE_SET_ID, HOLE_ID, DISTANCE) VALUES(71, 326, 504);;
INSERT INTO PUBLIC.TEE(TEE_SET_ID, HOLE_ID, DISTANCE) VALUES(71, 327, 419);;
INSERT INTO PUBLIC.TEE(TEE_SET_ID, HOLE_ID, DISTANCE) VALUES(71, 328, 160);;
INSERT INTO PUBLIC.TEE(TEE_SET_ID, HOLE_ID, DISTANCE) VALUES(71, 329, 427);;
INSERT INTO PUBLIC.TEE(TEE_SET_ID, HOLE_ID, DISTANCE) VALUES(71, 330, 326);;
INSERT INTO PUBLIC.TEE(TEE_SET_ID, HOLE_ID, DISTANCE) VALUES(71, 331, 180);;
INSERT INTO PUBLIC.TEE(TEE_SET_ID, HOLE_ID, DISTANCE) VALUES(71, 332, 378);;
INSERT INTO PUBLIC.TEE(TEE_SET_ID, HOLE_ID, DISTANCE) VALUES(71, 333, 500);;
INSERT INTO PUBLIC.TEE(TEE_SET_ID, HOLE_ID, DISTANCE) VALUES(71, 334, 370);;
INSERT INTO PUBLIC.TEE(TEE_SET_ID, HOLE_ID, DISTANCE) VALUES(71, 335, 525);;
INSERT INTO PUBLIC.TEE(TEE_SET_ID, HOLE_ID, DISTANCE) VALUES(71, 336, 196);;
INSERT INTO PUBLIC.TEE(TEE_SET_ID, HOLE_ID, DISTANCE) VALUES(71, 337, 382);;
INSERT INTO PUBLIC.TEE(TEE_SET_ID, HOLE_ID, DISTANCE) VALUES(71, 338, 351);;
INSERT INTO PUBLIC.TEE(TEE_SET_ID, HOLE_ID, DISTANCE) VALUES(71, 339, 420);;
INSERT INTO PUBLIC.TEE(TEE_SET_ID, HOLE_ID, DISTANCE) VALUES(71, 340, 191);;
INSERT INTO PUBLIC.TEE(TEE_SET_ID, HOLE_ID, DISTANCE) VALUES(71, 341, 509);;
INSERT INTO PUBLIC.TEE(TEE_SET_ID, HOLE_ID, DISTANCE) VALUES(71, 342, 440);;
INSERT INTO PUBLIC.TEE(TEE_SET_ID, HOLE_ID, DISTANCE) VALUES(72, 325, 414);;
INSERT INTO PUBLIC.TEE(TEE_SET_ID, HOLE_ID, DISTANCE) VALUES(72, 326, 467);;
INSERT INTO PUBLIC.TEE(TEE_SET_ID, HOLE_ID, DISTANCE) VALUES(72, 327, 391);;
INSERT INTO PUBLIC.TEE(TEE_SET_ID, HOLE_ID, DISTANCE) VALUES(72, 328, 141);;
INSERT INTO PUBLIC.TEE(TEE_SET_ID, HOLE_ID, DISTANCE) VALUES(72, 329, 411);;
INSERT INTO PUBLIC.TEE(TEE_SET_ID, HOLE_ID, DISTANCE) VALUES(72, 330, 297);;
INSERT INTO PUBLIC.TEE(TEE_SET_ID, HOLE_ID, DISTANCE) VALUES(72, 331, 145);;
INSERT INTO PUBLIC.TEE(TEE_SET_ID, HOLE_ID, DISTANCE) VALUES(72, 332, 346);;
INSERT INTO PUBLIC.TEE(TEE_SET_ID, HOLE_ID, DISTANCE) VALUES(72, 333, 466);;
INSERT INTO PUBLIC.TEE(TEE_SET_ID, HOLE_ID, DISTANCE) VALUES(72, 334, 349);;
INSERT INTO PUBLIC.TEE(TEE_SET_ID, HOLE_ID, DISTANCE) VALUES(72, 335, 505);;
INSERT INTO PUBLIC.TEE(TEE_SET_ID, HOLE_ID, DISTANCE) VALUES(72, 336, 176);;
INSERT INTO PUBLIC.TEE(TEE_SET_ID, HOLE_ID, DISTANCE) VALUES(72, 337, 349);;
INSERT INTO PUBLIC.TEE(TEE_SET_ID, HOLE_ID, DISTANCE) VALUES(72, 338, 337);;
INSERT INTO PUBLIC.TEE(TEE_SET_ID, HOLE_ID, DISTANCE) VALUES(72, 339, 400);;
INSERT INTO PUBLIC.TEE(TEE_SET_ID, HOLE_ID, DISTANCE) VALUES(72, 340, 186);;
INSERT INTO PUBLIC.TEE(TEE_SET_ID, HOLE_ID, DISTANCE) VALUES(72, 341, 467);;
INSERT INTO PUBLIC.TEE(TEE_SET_ID, HOLE_ID, DISTANCE) VALUES(72, 342, 417);;
INSERT INTO PUBLIC.TEE(TEE_SET_ID, HOLE_ID, DISTANCE) VALUES(73, 325, 396);;
INSERT INTO PUBLIC.TEE(TEE_SET_ID, HOLE_ID, DISTANCE) VALUES(73, 326, 443);;
INSERT INTO PUBLIC.TEE(TEE_SET_ID, HOLE_ID, DISTANCE) VALUES(73, 327, 354);;
INSERT INTO PUBLIC.TEE(TEE_SET_ID, HOLE_ID, DISTANCE) VALUES(73, 328, 123);;
INSERT INTO PUBLIC.TEE(TEE_SET_ID, HOLE_ID, DISTANCE) VALUES(73, 329, 388);;
INSERT INTO PUBLIC.TEE(TEE_SET_ID, HOLE_ID, DISTANCE) VALUES(73, 330, 269);;
INSERT INTO PUBLIC.TEE(TEE_SET_ID, HOLE_ID, DISTANCE) VALUES(73, 331, 104);;
INSERT INTO PUBLIC.TEE(TEE_SET_ID, HOLE_ID, DISTANCE) VALUES(73, 332, 272);;
INSERT INTO PUBLIC.TEE(TEE_SET_ID, HOLE_ID, DISTANCE) VALUES(73, 333, 453);;
INSERT INTO PUBLIC.TEE(TEE_SET_ID, HOLE_ID, DISTANCE) VALUES(73, 334, 328);;
INSERT INTO PUBLIC.TEE(TEE_SET_ID, HOLE_ID, DISTANCE) VALUES(73, 335, 437);;
INSERT INTO PUBLIC.TEE(TEE_SET_ID, HOLE_ID, DISTANCE) VALUES(73, 336, 143);;
INSERT INTO PUBLIC.TEE(TEE_SET_ID, HOLE_ID, DISTANCE) VALUES(73, 337, 320);;
INSERT INTO PUBLIC.TEE(TEE_SET_ID, HOLE_ID, DISTANCE) VALUES(73, 338, 324);;
INSERT INTO PUBLIC.TEE(TEE_SET_ID, HOLE_ID, DISTANCE) VALUES(73, 339, 380);;
INSERT INTO PUBLIC.TEE(TEE_SET_ID, HOLE_ID, DISTANCE) VALUES(73, 340, 144);;
INSERT INTO PUBLIC.TEE(TEE_SET_ID, HOLE_ID, DISTANCE) VALUES(73, 341, 411);;
INSERT INTO PUBLIC.TEE(TEE_SET_ID, HOLE_ID, DISTANCE) VALUES(73, 342, 390);;
INSERT INTO PUBLIC.TEE(TEE_SET_ID, HOLE_ID, DISTANCE) VALUES(74, 343, 398);;
INSERT INTO PUBLIC.TEE(TEE_SET_ID, HOLE_ID, DISTANCE) VALUES(74, 344, 440);;
INSERT INTO PUBLIC.TEE(TEE_SET_ID, HOLE_ID, DISTANCE) VALUES(74, 345, 207);;
INSERT INTO PUBLIC.TEE(TEE_SET_ID, HOLE_ID, DISTANCE) VALUES(74, 346, 493);;
INSERT INTO PUBLIC.TEE(TEE_SET_ID, HOLE_ID, DISTANCE) VALUES(74, 347, 440);;
INSERT INTO PUBLIC.TEE(TEE_SET_ID, HOLE_ID, DISTANCE) VALUES(74, 348, 303);;
INSERT INTO PUBLIC.TEE(TEE_SET_ID, HOLE_ID, DISTANCE) VALUES(74, 349, 473);;
INSERT INTO PUBLIC.TEE(TEE_SET_ID, HOLE_ID, DISTANCE) VALUES(74, 350, 459);;
INSERT INTO PUBLIC.TEE(TEE_SET_ID, HOLE_ID, DISTANCE) VALUES(74, 351, 180);;
INSERT INTO PUBLIC.TEE(TEE_SET_ID, HOLE_ID, DISTANCE) VALUES(74, 352, 401);;
INSERT INTO PUBLIC.TEE(TEE_SET_ID, HOLE_ID, DISTANCE) VALUES(74, 353, 451);;
INSERT INTO PUBLIC.TEE(TEE_SET_ID, HOLE_ID, DISTANCE) VALUES(74, 354, 558);;
INSERT INTO PUBLIC.TEE(TEE_SET_ID, HOLE_ID, DISTANCE) VALUES(74, 355, 407);;
INSERT INTO PUBLIC.TEE(TEE_SET_ID, HOLE_ID, DISTANCE) VALUES(74, 356, 231);;
INSERT INTO PUBLIC.TEE(TEE_SET_ID, HOLE_ID, DISTANCE) VALUES(74, 357, 567);;
INSERT INTO PUBLIC.TEE(TEE_SET_ID, HOLE_ID, DISTANCE) VALUES(74, 358, 124);;
INSERT INTO PUBLIC.TEE(TEE_SET_ID, HOLE_ID, DISTANCE) VALUES(74, 359, 449);;
INSERT INTO PUBLIC.TEE(TEE_SET_ID, HOLE_ID, DISTANCE) VALUES(74, 360, 451);;
INSERT INTO PUBLIC.TEE(TEE_SET_ID, HOLE_ID, DISTANCE) VALUES(75, 343, 376);;
INSERT INTO PUBLIC.TEE(TEE_SET_ID, HOLE_ID, DISTANCE) VALUES(75, 344, 421);;
INSERT INTO PUBLIC.TEE(TEE_SET_ID, HOLE_ID, DISTANCE) VALUES(75, 345, 190);;
INSERT INTO PUBLIC.TEE(TEE_SET_ID, HOLE_ID, DISTANCE) VALUES(75, 346, 471);;
INSERT INTO PUBLIC.TEE(TEE_SET_ID, HOLE_ID, DISTANCE) VALUES(75, 347, 399);;
INSERT INTO PUBLIC.TEE(TEE_SET_ID, HOLE_ID, DISTANCE) VALUES(75, 348, 302);;
INSERT INTO PUBLIC.TEE(TEE_SET_ID, HOLE_ID, DISTANCE) VALUES(75, 349, 463);;
INSERT INTO PUBLIC.TEE(TEE_SET_ID, HOLE_ID, DISTANCE) VALUES(75, 350, 430);;
INSERT INTO PUBLIC.TEE(TEE_SET_ID, HOLE_ID, DISTANCE) VALUES(75, 351, 168);;
INSERT INTO PUBLIC.TEE(TEE_SET_ID, HOLE_ID, DISTANCE) VALUES(75, 352, 381);;
INSERT INTO PUBLIC.TEE(TEE_SET_ID, HOLE_ID, DISTANCE) VALUES(75, 353, 409);;
INSERT INTO PUBLIC.TEE(TEE_SET_ID, HOLE_ID, DISTANCE) VALUES(75, 354, 525);;
INSERT INTO PUBLIC.TEE(TEE_SET_ID, HOLE_ID, DISTANCE) VALUES(75, 355, 393);;
INSERT INTO PUBLIC.TEE(TEE_SET_ID, HOLE_ID, DISTANCE) VALUES(75, 356, 198);;
INSERT INTO PUBLIC.TEE(TEE_SET_ID, HOLE_ID, DISTANCE) VALUES(75, 357, 552);;
INSERT INTO PUBLIC.TEE(TEE_SET_ID, HOLE_ID, DISTANCE) VALUES(75, 358, 112);;
INSERT INTO PUBLIC.TEE(TEE_SET_ID, HOLE_ID, DISTANCE) VALUES(75, 359, 429);;
INSERT INTO PUBLIC.TEE(TEE_SET_ID, HOLE_ID, DISTANCE) VALUES(75, 360, 438);;
INSERT INTO PUBLIC.TEE(TEE_SET_ID, HOLE_ID, DISTANCE) VALUES(76, 343, 346);;
INSERT INTO PUBLIC.TEE(TEE_SET_ID, HOLE_ID, DISTANCE) VALUES(76, 344, 341);;
INSERT INTO PUBLIC.TEE(TEE_SET_ID, HOLE_ID, DISTANCE) VALUES(76, 345, 170);;
INSERT INTO PUBLIC.TEE(TEE_SET_ID, HOLE_ID, DISTANCE) VALUES(76, 346, 439);;
INSERT INTO PUBLIC.TEE(TEE_SET_ID, HOLE_ID, DISTANCE) VALUES(76, 347, 380);;
INSERT INTO PUBLIC.TEE(TEE_SET_ID, HOLE_ID, DISTANCE) VALUES(76, 348, 295);;
INSERT INTO PUBLIC.TEE(TEE_SET_ID, HOLE_ID, DISTANCE) VALUES(76, 349, 428);;
INSERT INTO PUBLIC.TEE(TEE_SET_ID, HOLE_ID, DISTANCE) VALUES(76, 350, 391);;
INSERT INTO PUBLIC.TEE(TEE_SET_ID, HOLE_ID, DISTANCE) VALUES(76, 351, 160);;
INSERT INTO PUBLIC.TEE(TEE_SET_ID, HOLE_ID, DISTANCE) VALUES(76, 352, 361);;
INSERT INTO PUBLIC.TEE(TEE_SET_ID, HOLE_ID, DISTANCE) VALUES(76, 353, 372);;
INSERT INTO PUBLIC.TEE(TEE_SET_ID, HOLE_ID, DISTANCE) VALUES(76, 354, 511);;
INSERT INTO PUBLIC.TEE(TEE_SET_ID, HOLE_ID, DISTANCE) VALUES(76, 355, 366);;
INSERT INTO PUBLIC.TEE(TEE_SET_ID, HOLE_ID, DISTANCE) VALUES(76, 356, 169);;
INSERT INTO PUBLIC.TEE(TEE_SET_ID, HOLE_ID, DISTANCE) VALUES(76, 357, 530);;
INSERT INTO PUBLIC.TEE(TEE_SET_ID, HOLE_ID, DISTANCE) VALUES(76, 358, 101);;
INSERT INTO PUBLIC.TEE(TEE_SET_ID, HOLE_ID, DISTANCE) VALUES(76, 359, 395);;
INSERT INTO PUBLIC.TEE(TEE_SET_ID, HOLE_ID, DISTANCE) VALUES(76, 360, 406);;
INSERT INTO PUBLIC.TEE(TEE_SET_ID, HOLE_ID, DISTANCE) VALUES(77, 343, 289);;
INSERT INTO PUBLIC.TEE(TEE_SET_ID, HOLE_ID, DISTANCE) VALUES(77, 344, 288);;
INSERT INTO PUBLIC.TEE(TEE_SET_ID, HOLE_ID, DISTANCE) VALUES(77, 345, 147);;
INSERT INTO PUBLIC.TEE(TEE_SET_ID, HOLE_ID, DISTANCE) VALUES(77, 346, 377);;
INSERT INTO PUBLIC.TEE(TEE_SET_ID, HOLE_ID, DISTANCE) VALUES(77, 347, 332);;
INSERT INTO PUBLIC.TEE(TEE_SET_ID, HOLE_ID, DISTANCE) VALUES(77, 348, 266);;
INSERT INTO PUBLIC.TEE(TEE_SET_ID, HOLE_ID, DISTANCE) VALUES(77, 349, 379);;
INSERT INTO PUBLIC.TEE(TEE_SET_ID, HOLE_ID, DISTANCE) VALUES(77, 350, 360);;
INSERT INTO PUBLIC.TEE(TEE_SET_ID, HOLE_ID, DISTANCE) VALUES(77, 351, 116);;
INSERT INTO PUBLIC.TEE(TEE_SET_ID, HOLE_ID, DISTANCE) VALUES(77, 352, 286);;
INSERT INTO PUBLIC.TEE(TEE_SET_ID, HOLE_ID, DISTANCE) VALUES(77, 353, 321);;
INSERT INTO PUBLIC.TEE(TEE_SET_ID, HOLE_ID, DISTANCE) VALUES(77, 354, 463);;
INSERT INTO PUBLIC.TEE(TEE_SET_ID, HOLE_ID, DISTANCE) VALUES(77, 355, 280);;
INSERT INTO PUBLIC.TEE(TEE_SET_ID, HOLE_ID, DISTANCE) VALUES(77, 356, 138);;
INSERT INTO PUBLIC.TEE(TEE_SET_ID, HOLE_ID, DISTANCE) VALUES(77, 357, 454);;
INSERT INTO PUBLIC.TEE(TEE_SET_ID, HOLE_ID, DISTANCE) VALUES(77, 358, 85);;
INSERT INTO PUBLIC.TEE(TEE_SET_ID, HOLE_ID, DISTANCE) VALUES(77, 359, 363);;
INSERT INTO PUBLIC.TEE(TEE_SET_ID, HOLE_ID, DISTANCE) VALUES(77, 360, 368);;
INSERT INTO PUBLIC.TEE(TEE_SET_ID, HOLE_ID, DISTANCE) VALUES(78, 361, 520);;
INSERT INTO PUBLIC.TEE(TEE_SET_ID, HOLE_ID, DISTANCE) VALUES(78, 362, 428);;
INSERT INTO PUBLIC.TEE(TEE_SET_ID, HOLE_ID, DISTANCE) VALUES(78, 363, 403);;
INSERT INTO PUBLIC.TEE(TEE_SET_ID, HOLE_ID, DISTANCE) VALUES(78, 364, 434);;
INSERT INTO PUBLIC.TEE(TEE_SET_ID, HOLE_ID, DISTANCE) VALUES(78, 365, 165);;
INSERT INTO PUBLIC.TEE(TEE_SET_ID, HOLE_ID, DISTANCE) VALUES(78, 366, 558);;
INSERT INTO PUBLIC.TEE(TEE_SET_ID, HOLE_ID, DISTANCE) VALUES(78, 367, 347);;
INSERT INTO PUBLIC.TEE(TEE_SET_ID, HOLE_ID, DISTANCE) VALUES(78, 368, 203);;
INSERT INTO PUBLIC.TEE(TEE_SET_ID, HOLE_ID, DISTANCE) VALUES(78, 369, 461);;
INSERT INTO PUBLIC.TEE(TEE_SET_ID, HOLE_ID, DISTANCE) VALUES(78, 370, 429);;
INSERT INTO PUBLIC.TEE(TEE_SET_ID, HOLE_ID, DISTANCE) VALUES(78, 371, 424);;
INSERT INTO PUBLIC.TEE(TEE_SET_ID, HOLE_ID, DISTANCE) VALUES(78, 372, 429);;
INSERT INTO PUBLIC.TEE(TEE_SET_ID, HOLE_ID, DISTANCE) VALUES(78, 373, 182);;
INSERT INTO PUBLIC.TEE(TEE_SET_ID, HOLE_ID, DISTANCE) VALUES(78, 374, 450);;
INSERT INTO PUBLIC.TEE(TEE_SET_ID, HOLE_ID, DISTANCE) VALUES(78, 375, 237);;
INSERT INTO PUBLIC.TEE(TEE_SET_ID, HOLE_ID, DISTANCE) VALUES(78, 376, 525);;
INSERT INTO PUBLIC.TEE(TEE_SET_ID, HOLE_ID, DISTANCE) VALUES(78, 377, 400);;
INSERT INTO PUBLIC.TEE(TEE_SET_ID, HOLE_ID, DISTANCE) VALUES(78, 378, 536);;
INSERT INTO PUBLIC.TEE(TEE_SET_ID, HOLE_ID, DISTANCE) VALUES(79, 361, 487);;
INSERT INTO PUBLIC.TEE(TEE_SET_ID, HOLE_ID, DISTANCE) VALUES(79, 362, 392);;
INSERT INTO PUBLIC.TEE(TEE_SET_ID, HOLE_ID, DISTANCE) VALUES(79, 363, 365);;
INSERT INTO PUBLIC.TEE(TEE_SET_ID, HOLE_ID, DISTANCE) VALUES(79, 364, 380);;
INSERT INTO PUBLIC.TEE(TEE_SET_ID, HOLE_ID, DISTANCE) VALUES(79, 365, 130);;
INSERT INTO PUBLIC.TEE(TEE_SET_ID, HOLE_ID, DISTANCE) VALUES(79, 366, 519);;
INSERT INTO PUBLIC.TEE(TEE_SET_ID, HOLE_ID, DISTANCE) VALUES(79, 367, 315);;
INSERT INTO PUBLIC.TEE(TEE_SET_ID, HOLE_ID, DISTANCE) VALUES(79, 368, 169);;
INSERT INTO PUBLIC.TEE(TEE_SET_ID, HOLE_ID, DISTANCE) VALUES(79, 369, 417);;
INSERT INTO PUBLIC.TEE(TEE_SET_ID, HOLE_ID, DISTANCE) VALUES(79, 370, 397);;
INSERT INTO PUBLIC.TEE(TEE_SET_ID, HOLE_ID, DISTANCE) VALUES(79, 371, 405);;
INSERT INTO PUBLIC.TEE(TEE_SET_ID, HOLE_ID, DISTANCE) VALUES(79, 372, 393);;
INSERT INTO PUBLIC.TEE(TEE_SET_ID, HOLE_ID, DISTANCE) VALUES(79, 373, 150);;
INSERT INTO PUBLIC.TEE(TEE_SET_ID, HOLE_ID, DISTANCE) VALUES(79, 374, 422);;
INSERT INTO PUBLIC.TEE(TEE_SET_ID, HOLE_ID, DISTANCE) VALUES(79, 375, 179);;
INSERT INTO PUBLIC.TEE(TEE_SET_ID, HOLE_ID, DISTANCE) VALUES(79, 376, 489);;
INSERT INTO PUBLIC.TEE(TEE_SET_ID, HOLE_ID, DISTANCE) VALUES(79, 377, 362);;
INSERT INTO PUBLIC.TEE(TEE_SET_ID, HOLE_ID, DISTANCE) VALUES(79, 378, 500);;
INSERT INTO PUBLIC.TEE(TEE_SET_ID, HOLE_ID, DISTANCE) VALUES(80, 361, 487);;
INSERT INTO PUBLIC.TEE(TEE_SET_ID, HOLE_ID, DISTANCE) VALUES(80, 362, 315);;
INSERT INTO PUBLIC.TEE(TEE_SET_ID, HOLE_ID, DISTANCE) VALUES(80, 363, 365);;
INSERT INTO PUBLIC.TEE(TEE_SET_ID, HOLE_ID, DISTANCE) VALUES(80, 364, 380);;
INSERT INTO PUBLIC.TEE(TEE_SET_ID, HOLE_ID, DISTANCE) VALUES(80, 365, 130);;
INSERT INTO PUBLIC.TEE(TEE_SET_ID, HOLE_ID, DISTANCE) VALUES(80, 366, 519);;
INSERT INTO PUBLIC.TEE(TEE_SET_ID, HOLE_ID, DISTANCE) VALUES(80, 367, 315);;
INSERT INTO PUBLIC.TEE(TEE_SET_ID, HOLE_ID, DISTANCE) VALUES(80, 368, 169);;
INSERT INTO PUBLIC.TEE(TEE_SET_ID, HOLE_ID, DISTANCE) VALUES(80, 369, 375);;
INSERT INTO PUBLIC.TEE(TEE_SET_ID, HOLE_ID, DISTANCE) VALUES(80, 370, 362);;
INSERT INTO PUBLIC.TEE(TEE_SET_ID, HOLE_ID, DISTANCE) VALUES(80, 371, 359);;
INSERT INTO PUBLIC.TEE(TEE_SET_ID, HOLE_ID, DISTANCE) VALUES(80, 372, 362);;
INSERT INTO PUBLIC.TEE(TEE_SET_ID, HOLE_ID, DISTANCE) VALUES(80, 373, 150);;
INSERT INTO PUBLIC.TEE(TEE_SET_ID, HOLE_ID, DISTANCE) VALUES(80, 374, 374);;
INSERT INTO PUBLIC.TEE(TEE_SET_ID, HOLE_ID, DISTANCE) VALUES(80, 375, 179);;
INSERT INTO PUBLIC.TEE(TEE_SET_ID, HOLE_ID, DISTANCE) VALUES(80, 376, 489);;
INSERT INTO PUBLIC.TEE(TEE_SET_ID, HOLE_ID, DISTANCE) VALUES(80, 377, 362);;
INSERT INTO PUBLIC.TEE(TEE_SET_ID, HOLE_ID, DISTANCE) VALUES(80, 378, 500);;
INSERT INTO PUBLIC.TEE(TEE_SET_ID, HOLE_ID, DISTANCE) VALUES(81, 361, 441);;
INSERT INTO PUBLIC.TEE(TEE_SET_ID, HOLE_ID, DISTANCE) VALUES(81, 362, 315);;
INSERT INTO PUBLIC.TEE(TEE_SET_ID, HOLE_ID, DISTANCE) VALUES(81, 363, 326);;
INSERT INTO PUBLIC.TEE(TEE_SET_ID, HOLE_ID, DISTANCE) VALUES(81, 364, 342);;
INSERT INTO PUBLIC.TEE(TEE_SET_ID, HOLE_ID, DISTANCE) VALUES(81, 365, 101);;
INSERT INTO PUBLIC.TEE(TEE_SET_ID, HOLE_ID, DISTANCE) VALUES(81, 366, 481);;
INSERT INTO PUBLIC.TEE(TEE_SET_ID, HOLE_ID, DISTANCE) VALUES(81, 367, 284);;
INSERT INTO PUBLIC.TEE(TEE_SET_ID, HOLE_ID, DISTANCE) VALUES(81, 368, 140);;
INSERT INTO PUBLIC.TEE(TEE_SET_ID, HOLE_ID, DISTANCE) VALUES(81, 369, 375);;
INSERT INTO PUBLIC.TEE(TEE_SET_ID, HOLE_ID, DISTANCE) VALUES(81, 370, 362);;
INSERT INTO PUBLIC.TEE(TEE_SET_ID, HOLE_ID, DISTANCE) VALUES(81, 371, 359);;
INSERT INTO PUBLIC.TEE(TEE_SET_ID, HOLE_ID, DISTANCE) VALUES(81, 372, 362);;
INSERT INTO PUBLIC.TEE(TEE_SET_ID, HOLE_ID, DISTANCE) VALUES(81, 373, 128);;
INSERT INTO PUBLIC.TEE(TEE_SET_ID, HOLE_ID, DISTANCE) VALUES(81, 374, 374);;
INSERT INTO PUBLIC.TEE(TEE_SET_ID, HOLE_ID, DISTANCE) VALUES(81, 375, 140);;
INSERT INTO PUBLIC.TEE(TEE_SET_ID, HOLE_ID, DISTANCE) VALUES(81, 376, 444);;
INSERT INTO PUBLIC.TEE(TEE_SET_ID, HOLE_ID, DISTANCE) VALUES(81, 377, 329);;
INSERT INTO PUBLIC.TEE(TEE_SET_ID, HOLE_ID, DISTANCE) VALUES(81, 378, 479);;
INSERT INTO PUBLIC.TEE(TEE_SET_ID, HOLE_ID, DISTANCE) VALUES(82, 361, 395);;
INSERT INTO PUBLIC.TEE(TEE_SET_ID, HOLE_ID, DISTANCE) VALUES(82, 362, 281);;
INSERT INTO PUBLIC.TEE(TEE_SET_ID, HOLE_ID, DISTANCE) VALUES(82, 363, 291);;
INSERT INTO PUBLIC.TEE(TEE_SET_ID, HOLE_ID, DISTANCE) VALUES(82, 364, 304);;
INSERT INTO PUBLIC.TEE(TEE_SET_ID, HOLE_ID, DISTANCE) VALUES(82, 365, 73);;
INSERT INTO PUBLIC.TEE(TEE_SET_ID, HOLE_ID, DISTANCE) VALUES(82, 366, 433);;
INSERT INTO PUBLIC.TEE(TEE_SET_ID, HOLE_ID, DISTANCE) VALUES(82, 367, 251);;
INSERT INTO PUBLIC.TEE(TEE_SET_ID, HOLE_ID, DISTANCE) VALUES(82, 368, 118);;
INSERT INTO PUBLIC.TEE(TEE_SET_ID, HOLE_ID, DISTANCE) VALUES(82, 369, 322);;
INSERT INTO PUBLIC.TEE(TEE_SET_ID, HOLE_ID, DISTANCE) VALUES(82, 370, 319);;
INSERT INTO PUBLIC.TEE(TEE_SET_ID, HOLE_ID, DISTANCE) VALUES(82, 371, 315);;
INSERT INTO PUBLIC.TEE(TEE_SET_ID, HOLE_ID, DISTANCE) VALUES(82, 372, 320);;
INSERT INTO PUBLIC.TEE(TEE_SET_ID, HOLE_ID, DISTANCE) VALUES(82, 373, 106);;
INSERT INTO PUBLIC.TEE(TEE_SET_ID, HOLE_ID, DISTANCE) VALUES(82, 374, 339);;
INSERT INTO PUBLIC.TEE(TEE_SET_ID, HOLE_ID, DISTANCE) VALUES(82, 375, 97);;
INSERT INTO PUBLIC.TEE(TEE_SET_ID, HOLE_ID, DISTANCE) VALUES(82, 376, 395);;
INSERT INTO PUBLIC.TEE(TEE_SET_ID, HOLE_ID, DISTANCE) VALUES(82, 377, 292);;
INSERT INTO PUBLIC.TEE(TEE_SET_ID, HOLE_ID, DISTANCE) VALUES(82, 378, 424);;
INSERT INTO PUBLIC.TEE(TEE_SET_ID, HOLE_ID, DISTANCE) VALUES(83, 379, 404);;
INSERT INTO PUBLIC.TEE(TEE_SET_ID, HOLE_ID, DISTANCE) VALUES(83, 380, 558);;
INSERT INTO PUBLIC.TEE(TEE_SET_ID, HOLE_ID, DISTANCE) VALUES(83, 381, 407);;
INSERT INTO PUBLIC.TEE(TEE_SET_ID, HOLE_ID, DISTANCE) VALUES(83, 382, 180);;
INSERT INTO PUBLIC.TEE(TEE_SET_ID, HOLE_ID, DISTANCE) VALUES(83, 383, 359);;
INSERT INTO PUBLIC.TEE(TEE_SET_ID, HOLE_ID, DISTANCE) VALUES(83, 384, 176);;
INSERT INTO PUBLIC.TEE(TEE_SET_ID, HOLE_ID, DISTANCE) VALUES(83, 385, 389);;
INSERT INTO PUBLIC.TEE(TEE_SET_ID, HOLE_ID, DISTANCE) VALUES(83, 386, 510);;
INSERT INTO PUBLIC.TEE(TEE_SET_ID, HOLE_ID, DISTANCE) VALUES(83, 387, 438);;
INSERT INTO PUBLIC.TEE(TEE_SET_ID, HOLE_ID, DISTANCE) VALUES(83, 388, 401);;
INSERT INTO PUBLIC.TEE(TEE_SET_ID, HOLE_ID, DISTANCE) VALUES(83, 389, 560);;
INSERT INTO PUBLIC.TEE(TEE_SET_ID, HOLE_ID, DISTANCE) VALUES(83, 390, 397);;
INSERT INTO PUBLIC.TEE(TEE_SET_ID, HOLE_ID, DISTANCE) VALUES(83, 391, 228);;
INSERT INTO PUBLIC.TEE(TEE_SET_ID, HOLE_ID, DISTANCE) VALUES(83, 392, 390);;
INSERT INTO PUBLIC.TEE(TEE_SET_ID, HOLE_ID, DISTANCE) VALUES(83, 393, 446);;
INSERT INTO PUBLIC.TEE(TEE_SET_ID, HOLE_ID, DISTANCE) VALUES(83, 394, 134);;
INSERT INTO PUBLIC.TEE(TEE_SET_ID, HOLE_ID, DISTANCE) VALUES(83, 395, 455);;
INSERT INTO PUBLIC.TEE(TEE_SET_ID, HOLE_ID, DISTANCE) VALUES(83, 396, 522);;
INSERT INTO PUBLIC.TEE(TEE_SET_ID, HOLE_ID, DISTANCE) VALUES(84, 379, 390);;
INSERT INTO PUBLIC.TEE(TEE_SET_ID, HOLE_ID, DISTANCE) VALUES(84, 380, 530);;
INSERT INTO PUBLIC.TEE(TEE_SET_ID, HOLE_ID, DISTANCE) VALUES(84, 381, 367);;
INSERT INTO PUBLIC.TEE(TEE_SET_ID, HOLE_ID, DISTANCE) VALUES(84, 382, 149);;
INSERT INTO PUBLIC.TEE(TEE_SET_ID, HOLE_ID, DISTANCE) VALUES(84, 383, 342);;
INSERT INTO PUBLIC.TEE(TEE_SET_ID, HOLE_ID, DISTANCE) VALUES(84, 384, 176);;
INSERT INTO PUBLIC.TEE(TEE_SET_ID, HOLE_ID, DISTANCE) VALUES(84, 385, 364);;
INSERT INTO PUBLIC.TEE(TEE_SET_ID, HOLE_ID, DISTANCE) VALUES(84, 386, 489);;
INSERT INTO PUBLIC.TEE(TEE_SET_ID, HOLE_ID, DISTANCE) VALUES(84, 387, 410);;
INSERT INTO PUBLIC.TEE(TEE_SET_ID, HOLE_ID, DISTANCE) VALUES(84, 388, 363);;
INSERT INTO PUBLIC.TEE(TEE_SET_ID, HOLE_ID, DISTANCE) VALUES(84, 389, 528);;
INSERT INTO PUBLIC.TEE(TEE_SET_ID, HOLE_ID, DISTANCE) VALUES(84, 390, 356);;
INSERT INTO PUBLIC.TEE(TEE_SET_ID, HOLE_ID, DISTANCE) VALUES(84, 391, 200);;
INSERT INTO PUBLIC.TEE(TEE_SET_ID, HOLE_ID, DISTANCE) VALUES(84, 392, 369);;
INSERT INTO PUBLIC.TEE(TEE_SET_ID, HOLE_ID, DISTANCE) VALUES(84, 393, 403);;
INSERT INTO PUBLIC.TEE(TEE_SET_ID, HOLE_ID, DISTANCE) VALUES(84, 394, 120);;
INSERT INTO PUBLIC.TEE(TEE_SET_ID, HOLE_ID, DISTANCE) VALUES(84, 395, 420);;
INSERT INTO PUBLIC.TEE(TEE_SET_ID, HOLE_ID, DISTANCE) VALUES(84, 396, 495);;
INSERT INTO PUBLIC.TEE(TEE_SET_ID, HOLE_ID, DISTANCE) VALUES(85, 379, 373);;
INSERT INTO PUBLIC.TEE(TEE_SET_ID, HOLE_ID, DISTANCE) VALUES(85, 380, 476);;
INSERT INTO PUBLIC.TEE(TEE_SET_ID, HOLE_ID, DISTANCE) VALUES(85, 381, 348);;
INSERT INTO PUBLIC.TEE(TEE_SET_ID, HOLE_ID, DISTANCE) VALUES(85, 382, 141);;
INSERT INTO PUBLIC.TEE(TEE_SET_ID, HOLE_ID, DISTANCE) VALUES(85, 383, 331);;
INSERT INTO PUBLIC.TEE(TEE_SET_ID, HOLE_ID, DISTANCE) VALUES(85, 384, 156);;
INSERT INTO PUBLIC.TEE(TEE_SET_ID, HOLE_ID, DISTANCE) VALUES(85, 385, 330);;
INSERT INTO PUBLIC.TEE(TEE_SET_ID, HOLE_ID, DISTANCE) VALUES(85, 386, 466);;
INSERT INTO PUBLIC.TEE(TEE_SET_ID, HOLE_ID, DISTANCE) VALUES(85, 387, 386);;
INSERT INTO PUBLIC.TEE(TEE_SET_ID, HOLE_ID, DISTANCE) VALUES(85, 388, 329);;
INSERT INTO PUBLIC.TEE(TEE_SET_ID, HOLE_ID, DISTANCE) VALUES(85, 389, 510);;
INSERT INTO PUBLIC.TEE(TEE_SET_ID, HOLE_ID, DISTANCE) VALUES(85, 390, 339);;
INSERT INTO PUBLIC.TEE(TEE_SET_ID, HOLE_ID, DISTANCE) VALUES(85, 391, 171);;
INSERT INTO PUBLIC.TEE(TEE_SET_ID, HOLE_ID, DISTANCE) VALUES(85, 392, 345);;
INSERT INTO PUBLIC.TEE(TEE_SET_ID, HOLE_ID, DISTANCE) VALUES(85, 393, 380);;
INSERT INTO PUBLIC.TEE(TEE_SET_ID, HOLE_ID, DISTANCE) VALUES(85, 394, 109);;
INSERT INTO PUBLIC.TEE(TEE_SET_ID, HOLE_ID, DISTANCE) VALUES(85, 395, 393);;
INSERT INTO PUBLIC.TEE(TEE_SET_ID, HOLE_ID, DISTANCE) VALUES(85, 396, 478);;
INSERT INTO PUBLIC.TEE(TEE_SET_ID, HOLE_ID, DISTANCE) VALUES(86, 379, 296);;
INSERT INTO PUBLIC.TEE(TEE_SET_ID, HOLE_ID, DISTANCE) VALUES(86, 380, 426);;
INSERT INTO PUBLIC.TEE(TEE_SET_ID, HOLE_ID, DISTANCE) VALUES(86, 381, 321);;
INSERT INTO PUBLIC.TEE(TEE_SET_ID, HOLE_ID, DISTANCE) VALUES(86, 382, 120);;
INSERT INTO PUBLIC.TEE(TEE_SET_ID, HOLE_ID, DISTANCE) VALUES(86, 383, 302);;
INSERT INTO PUBLIC.TEE(TEE_SET_ID, HOLE_ID, DISTANCE) VALUES(86, 384, 113);;
INSERT INTO PUBLIC.TEE(TEE_SET_ID, HOLE_ID, DISTANCE) VALUES(86, 385, 249);;
INSERT INTO PUBLIC.TEE(TEE_SET_ID, HOLE_ID, DISTANCE) VALUES(86, 386, 411);;
INSERT INTO PUBLIC.TEE(TEE_SET_ID, HOLE_ID, DISTANCE) VALUES(86, 387, 346);;
INSERT INTO PUBLIC.TEE(TEE_SET_ID, HOLE_ID, DISTANCE) VALUES(86, 388, 306);;
INSERT INTO PUBLIC.TEE(TEE_SET_ID, HOLE_ID, DISTANCE) VALUES(86, 389, 446);;
INSERT INTO PUBLIC.TEE(TEE_SET_ID, HOLE_ID, DISTANCE) VALUES(86, 390, 298);;
INSERT INTO PUBLIC.TEE(TEE_SET_ID, HOLE_ID, DISTANCE) VALUES(86, 391, 118);;
INSERT INTO PUBLIC.TEE(TEE_SET_ID, HOLE_ID, DISTANCE) VALUES(86, 392, 310);;
INSERT INTO PUBLIC.TEE(TEE_SET_ID, HOLE_ID, DISTANCE) VALUES(86, 393, 328);;
INSERT INTO PUBLIC.TEE(TEE_SET_ID, HOLE_ID, DISTANCE) VALUES(86, 394, 100);;
INSERT INTO PUBLIC.TEE(TEE_SET_ID, HOLE_ID, DISTANCE) VALUES(86, 395, 310);;
INSERT INTO PUBLIC.TEE(TEE_SET_ID, HOLE_ID, DISTANCE) VALUES(86, 396, 425);;
INSERT INTO PUBLIC.TEE(TEE_SET_ID, HOLE_ID, DISTANCE) VALUES(87, 397, 409);;
INSERT INTO PUBLIC.TEE(TEE_SET_ID, HOLE_ID, DISTANCE) VALUES(87, 398, 537);;
INSERT INTO PUBLIC.TEE(TEE_SET_ID, HOLE_ID, DISTANCE) VALUES(87, 399, 182);;
INSERT INTO PUBLIC.TEE(TEE_SET_ID, HOLE_ID, DISTANCE) VALUES(87, 400, 417);;
INSERT INTO PUBLIC.TEE(TEE_SET_ID, HOLE_ID, DISTANCE) VALUES(87, 401, 442);;
INSERT INTO PUBLIC.TEE(TEE_SET_ID, HOLE_ID, DISTANCE) VALUES(87, 402, 222);;
INSERT INTO PUBLIC.TEE(TEE_SET_ID, HOLE_ID, DISTANCE) VALUES(87, 403, 374);;
INSERT INTO PUBLIC.TEE(TEE_SET_ID, HOLE_ID, DISTANCE) VALUES(87, 404, 421);;
INSERT INTO PUBLIC.TEE(TEE_SET_ID, HOLE_ID, DISTANCE) VALUES(87, 405, 532);;
INSERT INTO PUBLIC.TEE(TEE_SET_ID, HOLE_ID, DISTANCE) VALUES(87, 406, 417);;
INSERT INTO PUBLIC.TEE(TEE_SET_ID, HOLE_ID, DISTANCE) VALUES(87, 407, 640);;
INSERT INTO PUBLIC.TEE(TEE_SET_ID, HOLE_ID, DISTANCE) VALUES(87, 408, 437);;
INSERT INTO PUBLIC.TEE(TEE_SET_ID, HOLE_ID, DISTANCE) VALUES(87, 409, 396);;
INSERT INTO PUBLIC.TEE(TEE_SET_ID, HOLE_ID, DISTANCE) VALUES(87, 410, 441);;
INSERT INTO PUBLIC.TEE(TEE_SET_ID, HOLE_ID, DISTANCE) VALUES(87, 411, 175);;
INSERT INTO PUBLIC.TEE(TEE_SET_ID, HOLE_ID, DISTANCE) VALUES(87, 412, 445);;
INSERT INTO PUBLIC.TEE(TEE_SET_ID, HOLE_ID, DISTANCE) VALUES(87, 413, 237);;
INSERT INTO PUBLIC.TEE(TEE_SET_ID, HOLE_ID, DISTANCE) VALUES(87, 414, 600);;
INSERT INTO PUBLIC.TEE(TEE_SET_ID, HOLE_ID, DISTANCE) VALUES(88, 397, 372);;
INSERT INTO PUBLIC.TEE(TEE_SET_ID, HOLE_ID, DISTANCE) VALUES(88, 398, 510);;
INSERT INTO PUBLIC.TEE(TEE_SET_ID, HOLE_ID, DISTANCE) VALUES(88, 399, 165);;
INSERT INTO PUBLIC.TEE(TEE_SET_ID, HOLE_ID, DISTANCE) VALUES(88, 400, 384);;
INSERT INTO PUBLIC.TEE(TEE_SET_ID, HOLE_ID, DISTANCE) VALUES(88, 401, 408);;
INSERT INTO PUBLIC.TEE(TEE_SET_ID, HOLE_ID, DISTANCE) VALUES(88, 402, 195);;
INSERT INTO PUBLIC.TEE(TEE_SET_ID, HOLE_ID, DISTANCE) VALUES(88, 403, 330);;
INSERT INTO PUBLIC.TEE(TEE_SET_ID, HOLE_ID, DISTANCE) VALUES(88, 404, 396);;
INSERT INTO PUBLIC.TEE(TEE_SET_ID, HOLE_ID, DISTANCE) VALUES(88, 405, 502);;
INSERT INTO PUBLIC.TEE(TEE_SET_ID, HOLE_ID, DISTANCE) VALUES(88, 406, 391);;
INSERT INTO PUBLIC.TEE(TEE_SET_ID, HOLE_ID, DISTANCE) VALUES(88, 407, 578);;
INSERT INTO PUBLIC.TEE(TEE_SET_ID, HOLE_ID, DISTANCE) VALUES(88, 408, 408);;
INSERT INTO PUBLIC.TEE(TEE_SET_ID, HOLE_ID, DISTANCE) VALUES(88, 409, 374);;
INSERT INTO PUBLIC.TEE(TEE_SET_ID, HOLE_ID, DISTANCE) VALUES(88, 410, 410);;
INSERT INTO PUBLIC.TEE(TEE_SET_ID, HOLE_ID, DISTANCE) VALUES(88, 411, 149);;
INSERT INTO PUBLIC.TEE(TEE_SET_ID, HOLE_ID, DISTANCE) VALUES(88, 412, 422);;
INSERT INTO PUBLIC.TEE(TEE_SET_ID, HOLE_ID, DISTANCE) VALUES(88, 413, 213);;
INSERT INTO PUBLIC.TEE(TEE_SET_ID, HOLE_ID, DISTANCE) VALUES(88, 414, 574);;
INSERT INTO PUBLIC.TEE(TEE_SET_ID, HOLE_ID, DISTANCE) VALUES(89, 397, 329);;
INSERT INTO PUBLIC.TEE(TEE_SET_ID, HOLE_ID, DISTANCE) VALUES(89, 398, 474);;
INSERT INTO PUBLIC.TEE(TEE_SET_ID, HOLE_ID, DISTANCE) VALUES(89, 399, 152);;
INSERT INTO PUBLIC.TEE(TEE_SET_ID, HOLE_ID, DISTANCE) VALUES(89, 400, 368);;
INSERT INTO PUBLIC.TEE(TEE_SET_ID, HOLE_ID, DISTANCE) VALUES(89, 401, 374);;
INSERT INTO PUBLIC.TEE(TEE_SET_ID, HOLE_ID, DISTANCE) VALUES(89, 402, 149);;
INSERT INTO PUBLIC.TEE(TEE_SET_ID, HOLE_ID, DISTANCE) VALUES(89, 403, 305);;
INSERT INTO PUBLIC.TEE(TEE_SET_ID, HOLE_ID, DISTANCE) VALUES(89, 404, 372);;
INSERT INTO PUBLIC.TEE(TEE_SET_ID, HOLE_ID, DISTANCE) VALUES(89, 405, 466);;
INSERT INTO PUBLIC.TEE(TEE_SET_ID, HOLE_ID, DISTANCE) VALUES(89, 406, 369);;
INSERT INTO PUBLIC.TEE(TEE_SET_ID, HOLE_ID, DISTANCE) VALUES(89, 407, 519);;
INSERT INTO PUBLIC.TEE(TEE_SET_ID, HOLE_ID, DISTANCE) VALUES(89, 408, 384);;
INSERT INTO PUBLIC.TEE(TEE_SET_ID, HOLE_ID, DISTANCE) VALUES(89, 409, 351);;
INSERT INTO PUBLIC.TEE(TEE_SET_ID, HOLE_ID, DISTANCE) VALUES(89, 410, 378);;
INSERT INTO PUBLIC.TEE(TEE_SET_ID, HOLE_ID, DISTANCE) VALUES(89, 411, 128);;
INSERT INTO PUBLIC.TEE(TEE_SET_ID, HOLE_ID, DISTANCE) VALUES(89, 412, 389);;
INSERT INTO PUBLIC.TEE(TEE_SET_ID, HOLE_ID, DISTANCE) VALUES(89, 413, 176);;
INSERT INTO PUBLIC.TEE(TEE_SET_ID, HOLE_ID, DISTANCE) VALUES(89, 414, 547);;
INSERT INTO PUBLIC.TEE(TEE_SET_ID, HOLE_ID, DISTANCE) VALUES(90, 397, 292);;
INSERT INTO PUBLIC.TEE(TEE_SET_ID, HOLE_ID, DISTANCE) VALUES(90, 398, 421);;
INSERT INTO PUBLIC.TEE(TEE_SET_ID, HOLE_ID, DISTANCE) VALUES(90, 399, 85);;
INSERT INTO PUBLIC.TEE(TEE_SET_ID, HOLE_ID, DISTANCE) VALUES(90, 400, 309);;
INSERT INTO PUBLIC.TEE(TEE_SET_ID, HOLE_ID, DISTANCE) VALUES(90, 401, 323);;
INSERT INTO PUBLIC.TEE(TEE_SET_ID, HOLE_ID, DISTANCE) VALUES(90, 402, 108);;
INSERT INTO PUBLIC.TEE(TEE_SET_ID, HOLE_ID, DISTANCE) VALUES(90, 403, 251);;
INSERT INTO PUBLIC.TEE(TEE_SET_ID, HOLE_ID, DISTANCE) VALUES(90, 404, 307);;
INSERT INTO PUBLIC.TEE(TEE_SET_ID, HOLE_ID, DISTANCE) VALUES(90, 405, 384);;
INSERT INTO PUBLIC.TEE(TEE_SET_ID, HOLE_ID, DISTANCE) VALUES(90, 406, 248);;
INSERT INTO PUBLIC.TEE(TEE_SET_ID, HOLE_ID, DISTANCE) VALUES(90, 407, 473);;
INSERT INTO PUBLIC.TEE(TEE_SET_ID, HOLE_ID, DISTANCE) VALUES(90, 408, 322);;
INSERT INTO PUBLIC.TEE(TEE_SET_ID, HOLE_ID, DISTANCE) VALUES(90, 409, 291);;
INSERT INTO PUBLIC.TEE(TEE_SET_ID, HOLE_ID, DISTANCE) VALUES(90, 410, 316);;
INSERT INTO PUBLIC.TEE(TEE_SET_ID, HOLE_ID, DISTANCE) VALUES(90, 411, 109);;
INSERT INTO PUBLIC.TEE(TEE_SET_ID, HOLE_ID, DISTANCE) VALUES(90, 412, 322);;
INSERT INTO PUBLIC.TEE(TEE_SET_ID, HOLE_ID, DISTANCE) VALUES(90, 413, 140);;
INSERT INTO PUBLIC.TEE(TEE_SET_ID, HOLE_ID, DISTANCE) VALUES(90, 414, 482);;
INSERT INTO PUBLIC.TEE(TEE_SET_ID, HOLE_ID, DISTANCE) VALUES(91, 415, 423);;
INSERT INTO PUBLIC.TEE(TEE_SET_ID, HOLE_ID, DISTANCE) VALUES(91, 416, 403);;
INSERT INTO PUBLIC.TEE(TEE_SET_ID, HOLE_ID, DISTANCE) VALUES(91, 417, 475);;
INSERT INTO PUBLIC.TEE(TEE_SET_ID, HOLE_ID, DISTANCE) VALUES(91, 418, 177);;
INSERT INTO PUBLIC.TEE(TEE_SET_ID, HOLE_ID, DISTANCE) VALUES(91, 419, 551);;
INSERT INTO PUBLIC.TEE(TEE_SET_ID, HOLE_ID, DISTANCE) VALUES(91, 420, 456);;
INSERT INTO PUBLIC.TEE(TEE_SET_ID, HOLE_ID, DISTANCE) VALUES(91, 421, 211);;
INSERT INTO PUBLIC.TEE(TEE_SET_ID, HOLE_ID, DISTANCE) VALUES(91, 422, 490);;
INSERT INTO PUBLIC.TEE(TEE_SET_ID, HOLE_ID, DISTANCE) VALUES(91, 423, 197);;
INSERT INTO PUBLIC.TEE(TEE_SET_ID, HOLE_ID, DISTANCE) VALUES(91, 424, 339);;
INSERT INTO PUBLIC.TEE(TEE_SET_ID, HOLE_ID, DISTANCE) VALUES(91, 425, 176);;
INSERT INTO PUBLIC.TEE(TEE_SET_ID, HOLE_ID, DISTANCE) VALUES(91, 426, 510);;
INSERT INTO PUBLIC.TEE(TEE_SET_ID, HOLE_ID, DISTANCE) VALUES(91, 427, 404);;
INSERT INTO PUBLIC.TEE(TEE_SET_ID, HOLE_ID, DISTANCE) VALUES(91, 428, 305);;
INSERT INTO PUBLIC.TEE(TEE_SET_ID, HOLE_ID, DISTANCE) VALUES(91, 429, 438);;
INSERT INTO PUBLIC.TEE(TEE_SET_ID, HOLE_ID, DISTANCE) VALUES(91, 430, 406);;
INSERT INTO PUBLIC.TEE(TEE_SET_ID, HOLE_ID, DISTANCE) VALUES(91, 431, 160);;
INSERT INTO PUBLIC.TEE(TEE_SET_ID, HOLE_ID, DISTANCE) VALUES(91, 432, 554);;
INSERT INTO PUBLIC.TEE(TEE_SET_ID, HOLE_ID, DISTANCE) VALUES(92, 415, 402);;
INSERT INTO PUBLIC.TEE(TEE_SET_ID, HOLE_ID, DISTANCE) VALUES(92, 416, 388);;
INSERT INTO PUBLIC.TEE(TEE_SET_ID, HOLE_ID, DISTANCE) VALUES(92, 417, 462);;
INSERT INTO PUBLIC.TEE(TEE_SET_ID, HOLE_ID, DISTANCE) VALUES(92, 418, 166);;
INSERT INTO PUBLIC.TEE(TEE_SET_ID, HOLE_ID, DISTANCE) VALUES(92, 419, 527);;
INSERT INTO PUBLIC.TEE(TEE_SET_ID, HOLE_ID, DISTANCE) VALUES(92, 420, 441);;
INSERT INTO PUBLIC.TEE(TEE_SET_ID, HOLE_ID, DISTANCE) VALUES(92, 421, 194);;
INSERT INTO PUBLIC.TEE(TEE_SET_ID, HOLE_ID, DISTANCE) VALUES(92, 422, 474);;
INSERT INTO PUBLIC.TEE(TEE_SET_ID, HOLE_ID, DISTANCE) VALUES(92, 423, 180);;
INSERT INTO PUBLIC.TEE(TEE_SET_ID, HOLE_ID, DISTANCE) VALUES(92, 424, 326);;
INSERT INTO PUBLIC.TEE(TEE_SET_ID, HOLE_ID, DISTANCE) VALUES(92, 425, 145);;
INSERT INTO PUBLIC.TEE(TEE_SET_ID, HOLE_ID, DISTANCE) VALUES(92, 426, 491);;
INSERT INTO PUBLIC.TEE(TEE_SET_ID, HOLE_ID, DISTANCE) VALUES(92, 427, 384);;
INSERT INTO PUBLIC.TEE(TEE_SET_ID, HOLE_ID, DISTANCE) VALUES(92, 428, 293);;
INSERT INTO PUBLIC.TEE(TEE_SET_ID, HOLE_ID, DISTANCE) VALUES(92, 429, 426);;
INSERT INTO PUBLIC.TEE(TEE_SET_ID, HOLE_ID, DISTANCE) VALUES(92, 430, 397);;
INSERT INTO PUBLIC.TEE(TEE_SET_ID, HOLE_ID, DISTANCE) VALUES(92, 431, 144);;
INSERT INTO PUBLIC.TEE(TEE_SET_ID, HOLE_ID, DISTANCE) VALUES(92, 432, 537);;
INSERT INTO PUBLIC.TEE(TEE_SET_ID, HOLE_ID, DISTANCE) VALUES(93, 415, 368);;
INSERT INTO PUBLIC.TEE(TEE_SET_ID, HOLE_ID, DISTANCE) VALUES(93, 416, 371);;
INSERT INTO PUBLIC.TEE(TEE_SET_ID, HOLE_ID, DISTANCE) VALUES(93, 417, 455);;
INSERT INTO PUBLIC.TEE(TEE_SET_ID, HOLE_ID, DISTANCE) VALUES(93, 418, 142);;
INSERT INTO PUBLIC.TEE(TEE_SET_ID, HOLE_ID, DISTANCE) VALUES(93, 419, 511);;
INSERT INTO PUBLIC.TEE(TEE_SET_ID, HOLE_ID, DISTANCE) VALUES(93, 420, 377);;
INSERT INTO PUBLIC.TEE(TEE_SET_ID, HOLE_ID, DISTANCE) VALUES(93, 421, 181);;
INSERT INTO PUBLIC.TEE(TEE_SET_ID, HOLE_ID, DISTANCE) VALUES(93, 422, 442);;
INSERT INTO PUBLIC.TEE(TEE_SET_ID, HOLE_ID, DISTANCE) VALUES(93, 423, 158);;
INSERT INTO PUBLIC.TEE(TEE_SET_ID, HOLE_ID, DISTANCE) VALUES(93, 424, 310);;
INSERT INTO PUBLIC.TEE(TEE_SET_ID, HOLE_ID, DISTANCE) VALUES(93, 425, 121);;
INSERT INTO PUBLIC.TEE(TEE_SET_ID, HOLE_ID, DISTANCE) VALUES(93, 426, 482);;
INSERT INTO PUBLIC.TEE(TEE_SET_ID, HOLE_ID, DISTANCE) VALUES(93, 427, 370);;
INSERT INTO PUBLIC.TEE(TEE_SET_ID, HOLE_ID, DISTANCE) VALUES(93, 428, 268);;
INSERT INTO PUBLIC.TEE(TEE_SET_ID, HOLE_ID, DISTANCE) VALUES(93, 429, 409);;
INSERT INTO PUBLIC.TEE(TEE_SET_ID, HOLE_ID, DISTANCE) VALUES(93, 430, 385);;
INSERT INTO PUBLIC.TEE(TEE_SET_ID, HOLE_ID, DISTANCE) VALUES(93, 431, 133);;
INSERT INTO PUBLIC.TEE(TEE_SET_ID, HOLE_ID, DISTANCE) VALUES(93, 432, 525);;
INSERT INTO PUBLIC.TEE(TEE_SET_ID, HOLE_ID, DISTANCE) VALUES(94, 415, 273);;
INSERT INTO PUBLIC.TEE(TEE_SET_ID, HOLE_ID, DISTANCE) VALUES(94, 416, 312);;
INSERT INTO PUBLIC.TEE(TEE_SET_ID, HOLE_ID, DISTANCE) VALUES(94, 417, 437);;
INSERT INTO PUBLIC.TEE(TEE_SET_ID, HOLE_ID, DISTANCE) VALUES(94, 418, 120);;
INSERT INTO PUBLIC.TEE(TEE_SET_ID, HOLE_ID, DISTANCE) VALUES(94, 419, 419);;
INSERT INTO PUBLIC.TEE(TEE_SET_ID, HOLE_ID, DISTANCE) VALUES(94, 420, 322);;
INSERT INTO PUBLIC.TEE(TEE_SET_ID, HOLE_ID, DISTANCE) VALUES(94, 421, 168);;
INSERT INTO PUBLIC.TEE(TEE_SET_ID, HOLE_ID, DISTANCE) VALUES(94, 422, 401);;
INSERT INTO PUBLIC.TEE(TEE_SET_ID, HOLE_ID, DISTANCE) VALUES(94, 423, 137);;
INSERT INTO PUBLIC.TEE(TEE_SET_ID, HOLE_ID, DISTANCE) VALUES(94, 424, 292);;
INSERT INTO PUBLIC.TEE(TEE_SET_ID, HOLE_ID, DISTANCE) VALUES(94, 425, 102);;
INSERT INTO PUBLIC.TEE(TEE_SET_ID, HOLE_ID, DISTANCE) VALUES(94, 426, 408);;
INSERT INTO PUBLIC.TEE(TEE_SET_ID, HOLE_ID, DISTANCE) VALUES(94, 427, 323);;
INSERT INTO PUBLIC.TEE(TEE_SET_ID, HOLE_ID, DISTANCE) VALUES(94, 428, 211);;
INSERT INTO PUBLIC.TEE(TEE_SET_ID, HOLE_ID, DISTANCE) VALUES(94, 429, 302);;
INSERT INTO PUBLIC.TEE(TEE_SET_ID, HOLE_ID, DISTANCE) VALUES(94, 430, 303);;
INSERT INTO PUBLIC.TEE(TEE_SET_ID, HOLE_ID, DISTANCE) VALUES(94, 431, 123);;
INSERT INTO PUBLIC.TEE(TEE_SET_ID, HOLE_ID, DISTANCE) VALUES(94, 432, 442);;
INSERT INTO PUBLIC.TEE(TEE_SET_ID, HOLE_ID, DISTANCE) VALUES(95, 433, 428);;
INSERT INTO PUBLIC.TEE(TEE_SET_ID, HOLE_ID, DISTANCE) VALUES(95, 434, 346);;
INSERT INTO PUBLIC.TEE(TEE_SET_ID, HOLE_ID, DISTANCE) VALUES(95, 435, 505);;
INSERT INTO PUBLIC.TEE(TEE_SET_ID, HOLE_ID, DISTANCE) VALUES(95, 436, 427);;
INSERT INTO PUBLIC.TEE(TEE_SET_ID, HOLE_ID, DISTANCE) VALUES(95, 437, 153);;
INSERT INTO PUBLIC.TEE(TEE_SET_ID, HOLE_ID, DISTANCE) VALUES(95, 438, 459);;
INSERT INTO PUBLIC.TEE(TEE_SET_ID, HOLE_ID, DISTANCE) VALUES(95, 439, 402);;
INSERT INTO PUBLIC.TEE(TEE_SET_ID, HOLE_ID, DISTANCE) VALUES(95, 440, 206);;
INSERT INTO PUBLIC.TEE(TEE_SET_ID, HOLE_ID, DISTANCE) VALUES(95, 441, 562);;
INSERT INTO PUBLIC.TEE(TEE_SET_ID, HOLE_ID, DISTANCE) VALUES(95, 442, 454);;
INSERT INTO PUBLIC.TEE(TEE_SET_ID, HOLE_ID, DISTANCE) VALUES(95, 443, 175);;
INSERT INTO PUBLIC.TEE(TEE_SET_ID, HOLE_ID, DISTANCE) VALUES(95, 444, 449);;
INSERT INTO PUBLIC.TEE(TEE_SET_ID, HOLE_ID, DISTANCE) VALUES(95, 445, 303);;
INSERT INTO PUBLIC.TEE(TEE_SET_ID, HOLE_ID, DISTANCE) VALUES(95, 446, 524);;
INSERT INTO PUBLIC.TEE(TEE_SET_ID, HOLE_ID, DISTANCE) VALUES(95, 447, 450);;
INSERT INTO PUBLIC.TEE(TEE_SET_ID, HOLE_ID, DISTANCE) VALUES(95, 448, 416);;
INSERT INTO PUBLIC.TEE(TEE_SET_ID, HOLE_ID, DISTANCE) VALUES(95, 449, 126);;
INSERT INTO PUBLIC.TEE(TEE_SET_ID, HOLE_ID, DISTANCE) VALUES(95, 450, 588);;
INSERT INTO PUBLIC.TEE(TEE_SET_ID, HOLE_ID, DISTANCE) VALUES(96, 433, 385);;
INSERT INTO PUBLIC.TEE(TEE_SET_ID, HOLE_ID, DISTANCE) VALUES(96, 434, 309);;
INSERT INTO PUBLIC.TEE(TEE_SET_ID, HOLE_ID, DISTANCE) VALUES(96, 435, 465);;
INSERT INTO PUBLIC.TEE(TEE_SET_ID, HOLE_ID, DISTANCE) VALUES(96, 436, 363);;
INSERT INTO PUBLIC.TEE(TEE_SET_ID, HOLE_ID, DISTANCE) VALUES(96, 437, 133);;
INSERT INTO PUBLIC.TEE(TEE_SET_ID, HOLE_ID, DISTANCE) VALUES(96, 438, 422);;
INSERT INTO PUBLIC.TEE(TEE_SET_ID, HOLE_ID, DISTANCE) VALUES(96, 439, 366);;
INSERT INTO PUBLIC.TEE(TEE_SET_ID, HOLE_ID, DISTANCE) VALUES(96, 440, 189);;
INSERT INTO PUBLIC.TEE(TEE_SET_ID, HOLE_ID, DISTANCE) VALUES(96, 441, 507);;
INSERT INTO PUBLIC.TEE(TEE_SET_ID, HOLE_ID, DISTANCE) VALUES(96, 442, 422);;
INSERT INTO PUBLIC.TEE(TEE_SET_ID, HOLE_ID, DISTANCE) VALUES(96, 443, 161);;
INSERT INTO PUBLIC.TEE(TEE_SET_ID, HOLE_ID, DISTANCE) VALUES(96, 444, 405);;
INSERT INTO PUBLIC.TEE(TEE_SET_ID, HOLE_ID, DISTANCE) VALUES(96, 445, 277);;
INSERT INTO PUBLIC.TEE(TEE_SET_ID, HOLE_ID, DISTANCE) VALUES(96, 446, 519);;
INSERT INTO PUBLIC.TEE(TEE_SET_ID, HOLE_ID, DISTANCE) VALUES(96, 447, 419);;
INSERT INTO PUBLIC.TEE(TEE_SET_ID, HOLE_ID, DISTANCE) VALUES(96, 448, 383);;
INSERT INTO PUBLIC.TEE(TEE_SET_ID, HOLE_ID, DISTANCE) VALUES(96, 449, 114);;
INSERT INTO PUBLIC.TEE(TEE_SET_ID, HOLE_ID, DISTANCE) VALUES(96, 450, 552);;
INSERT INTO PUBLIC.TEE(TEE_SET_ID, HOLE_ID, DISTANCE) VALUES(97, 433, 357);;
INSERT INTO PUBLIC.TEE(TEE_SET_ID, HOLE_ID, DISTANCE) VALUES(97, 434, 284);;
INSERT INTO PUBLIC.TEE(TEE_SET_ID, HOLE_ID, DISTANCE) VALUES(97, 435, 426);;
INSERT INTO PUBLIC.TEE(TEE_SET_ID, HOLE_ID, DISTANCE) VALUES(97, 436, 329);;
INSERT INTO PUBLIC.TEE(TEE_SET_ID, HOLE_ID, DISTANCE) VALUES(97, 437, 117);;
INSERT INTO PUBLIC.TEE(TEE_SET_ID, HOLE_ID, DISTANCE) VALUES(97, 438, 392);;
INSERT INTO PUBLIC.TEE(TEE_SET_ID, HOLE_ID, DISTANCE) VALUES(97, 439, 323);;
INSERT INTO PUBLIC.TEE(TEE_SET_ID, HOLE_ID, DISTANCE) VALUES(97, 440, 172);;
INSERT INTO PUBLIC.TEE(TEE_SET_ID, HOLE_ID, DISTANCE) VALUES(97, 441, 473);;
INSERT INTO PUBLIC.TEE(TEE_SET_ID, HOLE_ID, DISTANCE) VALUES(97, 442, 401);;
INSERT INTO PUBLIC.TEE(TEE_SET_ID, HOLE_ID, DISTANCE) VALUES(97, 443, 137);;
INSERT INTO PUBLIC.TEE(TEE_SET_ID, HOLE_ID, DISTANCE) VALUES(97, 444, 376);;
INSERT INTO PUBLIC.TEE(TEE_SET_ID, HOLE_ID, DISTANCE) VALUES(97, 445, 254);;
INSERT INTO PUBLIC.TEE(TEE_SET_ID, HOLE_ID, DISTANCE) VALUES(97, 446, 487);;
INSERT INTO PUBLIC.TEE(TEE_SET_ID, HOLE_ID, DISTANCE) VALUES(97, 447, 393);;
INSERT INTO PUBLIC.TEE(TEE_SET_ID, HOLE_ID, DISTANCE) VALUES(97, 448, 322);;
INSERT INTO PUBLIC.TEE(TEE_SET_ID, HOLE_ID, DISTANCE) VALUES(97, 449, 102);;
INSERT INTO PUBLIC.TEE(TEE_SET_ID, HOLE_ID, DISTANCE) VALUES(97, 450, 522);;
INSERT INTO PUBLIC.TEE(TEE_SET_ID, HOLE_ID, DISTANCE) VALUES(98, 433, 316);;
INSERT INTO PUBLIC.TEE(TEE_SET_ID, HOLE_ID, DISTANCE) VALUES(98, 434, 263);;
INSERT INTO PUBLIC.TEE(TEE_SET_ID, HOLE_ID, DISTANCE) VALUES(98, 435, 387);;
INSERT INTO PUBLIC.TEE(TEE_SET_ID, HOLE_ID, DISTANCE) VALUES(98, 436, 296);;
INSERT INTO PUBLIC.TEE(TEE_SET_ID, HOLE_ID, DISTANCE) VALUES(98, 437, 85);;
INSERT INTO PUBLIC.TEE(TEE_SET_ID, HOLE_ID, DISTANCE) VALUES(98, 438, 339);;
INSERT INTO PUBLIC.TEE(TEE_SET_ID, HOLE_ID, DISTANCE) VALUES(98, 439, 300);;
INSERT INTO PUBLIC.TEE(TEE_SET_ID, HOLE_ID, DISTANCE) VALUES(98, 440, 153);;
INSERT INTO PUBLIC.TEE(TEE_SET_ID, HOLE_ID, DISTANCE) VALUES(98, 441, 445);;
INSERT INTO PUBLIC.TEE(TEE_SET_ID, HOLE_ID, DISTANCE) VALUES(98, 442, 360);;
INSERT INTO PUBLIC.TEE(TEE_SET_ID, HOLE_ID, DISTANCE) VALUES(98, 443, 108);;
INSERT INTO PUBLIC.TEE(TEE_SET_ID, HOLE_ID, DISTANCE) VALUES(98, 444, 328);;
INSERT INTO PUBLIC.TEE(TEE_SET_ID, HOLE_ID, DISTANCE) VALUES(98, 445, 206);;
INSERT INTO PUBLIC.TEE(TEE_SET_ID, HOLE_ID, DISTANCE) VALUES(98, 446, 406);;
INSERT INTO PUBLIC.TEE(TEE_SET_ID, HOLE_ID, DISTANCE) VALUES(98, 447, 324);;
INSERT INTO PUBLIC.TEE(TEE_SET_ID, HOLE_ID, DISTANCE) VALUES(98, 448, 289);;
INSERT INTO PUBLIC.TEE(TEE_SET_ID, HOLE_ID, DISTANCE) VALUES(98, 449, 84);;
INSERT INTO PUBLIC.TEE(TEE_SET_ID, HOLE_ID, DISTANCE) VALUES(98, 450, 454);;
INSERT INTO PUBLIC.TEE(TEE_SET_ID, HOLE_ID, DISTANCE) VALUES(99, 451, 408);;
INSERT INTO PUBLIC.TEE(TEE_SET_ID, HOLE_ID, DISTANCE) VALUES(99, 452, 488);;
INSERT INTO PUBLIC.TEE(TEE_SET_ID, HOLE_ID, DISTANCE) VALUES(99, 453, 517);;
INSERT INTO PUBLIC.TEE(TEE_SET_ID, HOLE_ID, DISTANCE) VALUES(99, 454, 317);;
INSERT INTO PUBLIC.TEE(TEE_SET_ID, HOLE_ID, DISTANCE) VALUES(99, 455, 171);;
INSERT INTO PUBLIC.TEE(TEE_SET_ID, HOLE_ID, DISTANCE) VALUES(99, 456, 466);;
INSERT INTO PUBLIC.TEE(TEE_SET_ID, HOLE_ID, DISTANCE) VALUES(99, 457, 188);;
INSERT INTO PUBLIC.TEE(TEE_SET_ID, HOLE_ID, DISTANCE) VALUES(99, 458, 374);;
INSERT INTO PUBLIC.TEE(TEE_SET_ID, HOLE_ID, DISTANCE) VALUES(99, 459, 406);;
INSERT INTO PUBLIC.TEE(TEE_SET_ID, HOLE_ID, DISTANCE) VALUES(99, 460, 410);;
INSERT INTO PUBLIC.TEE(TEE_SET_ID, HOLE_ID, DISTANCE) VALUES(99, 461, 320);;
INSERT INTO PUBLIC.TEE(TEE_SET_ID, HOLE_ID, DISTANCE) VALUES(99, 462, 532);;
INSERT INTO PUBLIC.TEE(TEE_SET_ID, HOLE_ID, DISTANCE) VALUES(99, 463, 191);;
INSERT INTO PUBLIC.TEE(TEE_SET_ID, HOLE_ID, DISTANCE) VALUES(99, 464, 310);;
INSERT INTO PUBLIC.TEE(TEE_SET_ID, HOLE_ID, DISTANCE) VALUES(99, 465, 359);;
INSERT INTO PUBLIC.TEE(TEE_SET_ID, HOLE_ID, DISTANCE) VALUES(99, 466, 427);;
INSERT INTO PUBLIC.TEE(TEE_SET_ID, HOLE_ID, DISTANCE) VALUES(99, 467, 190);;
INSERT INTO PUBLIC.TEE(TEE_SET_ID, HOLE_ID, DISTANCE) VALUES(99, 468, 426);;
INSERT INTO PUBLIC.TEE(TEE_SET_ID, HOLE_ID, DISTANCE) VALUES(100, 451, 389);;
INSERT INTO PUBLIC.TEE(TEE_SET_ID, HOLE_ID, DISTANCE) VALUES(100, 452, 468);;
INSERT INTO PUBLIC.TEE(TEE_SET_ID, HOLE_ID, DISTANCE) VALUES(100, 453, 500);;
INSERT INTO PUBLIC.TEE(TEE_SET_ID, HOLE_ID, DISTANCE) VALUES(100, 454, 303);;
INSERT INTO PUBLIC.TEE(TEE_SET_ID, HOLE_ID, DISTANCE) VALUES(100, 455, 147);;
INSERT INTO PUBLIC.TEE(TEE_SET_ID, HOLE_ID, DISTANCE) VALUES(100, 456, 415);;
INSERT INTO PUBLIC.TEE(TEE_SET_ID, HOLE_ID, DISTANCE) VALUES(100, 457, 175);;
INSERT INTO PUBLIC.TEE(TEE_SET_ID, HOLE_ID, DISTANCE) VALUES(100, 458, 353);;
INSERT INTO PUBLIC.TEE(TEE_SET_ID, HOLE_ID, DISTANCE) VALUES(100, 459, 392);;
INSERT INTO PUBLIC.TEE(TEE_SET_ID, HOLE_ID, DISTANCE) VALUES(100, 460, 401);;
INSERT INTO PUBLIC.TEE(TEE_SET_ID, HOLE_ID, DISTANCE) VALUES(100, 461, 311);;
INSERT INTO PUBLIC.TEE(TEE_SET_ID, HOLE_ID, DISTANCE) VALUES(100, 462, 519);;
INSERT INTO PUBLIC.TEE(TEE_SET_ID, HOLE_ID, DISTANCE) VALUES(100, 463, 165);;
INSERT INTO PUBLIC.TEE(TEE_SET_ID, HOLE_ID, DISTANCE) VALUES(100, 464, 297);;
INSERT INTO PUBLIC.TEE(TEE_SET_ID, HOLE_ID, DISTANCE) VALUES(100, 465, 341);;
INSERT INTO PUBLIC.TEE(TEE_SET_ID, HOLE_ID, DISTANCE) VALUES(100, 466, 416);;
INSERT INTO PUBLIC.TEE(TEE_SET_ID, HOLE_ID, DISTANCE) VALUES(100, 467, 175);;
INSERT INTO PUBLIC.TEE(TEE_SET_ID, HOLE_ID, DISTANCE) VALUES(100, 468, 377);;
INSERT INTO PUBLIC.TEE(TEE_SET_ID, HOLE_ID, DISTANCE) VALUES(101, 451, 373);;
INSERT INTO PUBLIC.TEE(TEE_SET_ID, HOLE_ID, DISTANCE) VALUES(101, 452, 405);;
INSERT INTO PUBLIC.TEE(TEE_SET_ID, HOLE_ID, DISTANCE) VALUES(101, 453, 462);;
INSERT INTO PUBLIC.TEE(TEE_SET_ID, HOLE_ID, DISTANCE) VALUES(101, 454, 293);;
INSERT INTO PUBLIC.TEE(TEE_SET_ID, HOLE_ID, DISTANCE) VALUES(101, 455, 116);;
INSERT INTO PUBLIC.TEE(TEE_SET_ID, HOLE_ID, DISTANCE) VALUES(101, 456, 406);;
INSERT INTO PUBLIC.TEE(TEE_SET_ID, HOLE_ID, DISTANCE) VALUES(101, 457, 150);;
INSERT INTO PUBLIC.TEE(TEE_SET_ID, HOLE_ID, DISTANCE) VALUES(101, 458, 338);;
INSERT INTO PUBLIC.TEE(TEE_SET_ID, HOLE_ID, DISTANCE) VALUES(101, 459, 369);;
INSERT INTO PUBLIC.TEE(TEE_SET_ID, HOLE_ID, DISTANCE) VALUES(101, 460, 373);;
INSERT INTO PUBLIC.TEE(TEE_SET_ID, HOLE_ID, DISTANCE) VALUES(101, 461, 295);;
INSERT INTO PUBLIC.TEE(TEE_SET_ID, HOLE_ID, DISTANCE) VALUES(101, 462, 501);;
INSERT INTO PUBLIC.TEE(TEE_SET_ID, HOLE_ID, DISTANCE) VALUES(101, 463, 154);;
INSERT INTO PUBLIC.TEE(TEE_SET_ID, HOLE_ID, DISTANCE) VALUES(101, 464, 278);;
INSERT INTO PUBLIC.TEE(TEE_SET_ID, HOLE_ID, DISTANCE) VALUES(101, 465, 326);;
INSERT INTO PUBLIC.TEE(TEE_SET_ID, HOLE_ID, DISTANCE) VALUES(101, 466, 392);;
INSERT INTO PUBLIC.TEE(TEE_SET_ID, HOLE_ID, DISTANCE) VALUES(101, 467, 102);;
INSERT INTO PUBLIC.TEE(TEE_SET_ID, HOLE_ID, DISTANCE) VALUES(101, 468, 403);;
INSERT INTO PUBLIC.TEE(TEE_SET_ID, HOLE_ID, DISTANCE) VALUES(102, 469, 358);;
INSERT INTO PUBLIC.TEE(TEE_SET_ID, HOLE_ID, DISTANCE) VALUES(102, 470, 578);;
INSERT INTO PUBLIC.TEE(TEE_SET_ID, HOLE_ID, DISTANCE) VALUES(102, 471, 405);;
INSERT INTO PUBLIC.TEE(TEE_SET_ID, HOLE_ID, DISTANCE) VALUES(102, 472, 202);;
INSERT INTO PUBLIC.TEE(TEE_SET_ID, HOLE_ID, DISTANCE) VALUES(102, 473, 417);;
INSERT INTO PUBLIC.TEE(TEE_SET_ID, HOLE_ID, DISTANCE) VALUES(102, 474, 536);;
INSERT INTO PUBLIC.TEE(TEE_SET_ID, HOLE_ID, DISTANCE) VALUES(102, 475, 363);;
INSERT INTO PUBLIC.TEE(TEE_SET_ID, HOLE_ID, DISTANCE) VALUES(102, 476, 181);;
INSERT INTO PUBLIC.TEE(TEE_SET_ID, HOLE_ID, DISTANCE) VALUES(102, 477, 398);;
INSERT INTO PUBLIC.TEE(TEE_SET_ID, HOLE_ID, DISTANCE) VALUES(102, 478, 375);;
INSERT INTO PUBLIC.TEE(TEE_SET_ID, HOLE_ID, DISTANCE) VALUES(102, 479, 203);;
INSERT INTO PUBLIC.TEE(TEE_SET_ID, HOLE_ID, DISTANCE) VALUES(102, 480, 544);;
INSERT INTO PUBLIC.TEE(TEE_SET_ID, HOLE_ID, DISTANCE) VALUES(102, 481, 413);;
INSERT INTO PUBLIC.TEE(TEE_SET_ID, HOLE_ID, DISTANCE) VALUES(102, 482, 143);;
INSERT INTO PUBLIC.TEE(TEE_SET_ID, HOLE_ID, DISTANCE) VALUES(102, 483, 398);;
INSERT INTO PUBLIC.TEE(TEE_SET_ID, HOLE_ID, DISTANCE) VALUES(102, 484, 335);;
INSERT INTO PUBLIC.TEE(TEE_SET_ID, HOLE_ID, DISTANCE) VALUES(102, 485, 538);;
INSERT INTO PUBLIC.TEE(TEE_SET_ID, HOLE_ID, DISTANCE) VALUES(102, 486, 428);;
INSERT INTO PUBLIC.TEE(TEE_SET_ID, HOLE_ID, DISTANCE) VALUES(103, 469, 342);;
INSERT INTO PUBLIC.TEE(TEE_SET_ID, HOLE_ID, DISTANCE) VALUES(103, 470, 563);;
INSERT INTO PUBLIC.TEE(TEE_SET_ID, HOLE_ID, DISTANCE) VALUES(103, 471, 391);;
INSERT INTO PUBLIC.TEE(TEE_SET_ID, HOLE_ID, DISTANCE) VALUES(103, 472, 182);;
INSERT INTO PUBLIC.TEE(TEE_SET_ID, HOLE_ID, DISTANCE) VALUES(103, 473, 395);;
INSERT INTO PUBLIC.TEE(TEE_SET_ID, HOLE_ID, DISTANCE) VALUES(103, 474, 519);;
INSERT INTO PUBLIC.TEE(TEE_SET_ID, HOLE_ID, DISTANCE) VALUES(103, 475, 345);;
INSERT INTO PUBLIC.TEE(TEE_SET_ID, HOLE_ID, DISTANCE) VALUES(103, 476, 156);;
INSERT INTO PUBLIC.TEE(TEE_SET_ID, HOLE_ID, DISTANCE) VALUES(103, 477, 386);;
INSERT INTO PUBLIC.TEE(TEE_SET_ID, HOLE_ID, DISTANCE) VALUES(103, 478, 362);;
INSERT INTO PUBLIC.TEE(TEE_SET_ID, HOLE_ID, DISTANCE) VALUES(103, 479, 188);;
INSERT INTO PUBLIC.TEE(TEE_SET_ID, HOLE_ID, DISTANCE) VALUES(103, 480, 524);;
INSERT INTO PUBLIC.TEE(TEE_SET_ID, HOLE_ID, DISTANCE) VALUES(103, 481, 397);;
INSERT INTO PUBLIC.TEE(TEE_SET_ID, HOLE_ID, DISTANCE) VALUES(103, 482, 136);;
INSERT INTO PUBLIC.TEE(TEE_SET_ID, HOLE_ID, DISTANCE) VALUES(103, 483, 384);;
INSERT INTO PUBLIC.TEE(TEE_SET_ID, HOLE_ID, DISTANCE) VALUES(103, 484, 316);;
INSERT INTO PUBLIC.TEE(TEE_SET_ID, HOLE_ID, DISTANCE) VALUES(103, 485, 508);;
INSERT INTO PUBLIC.TEE(TEE_SET_ID, HOLE_ID, DISTANCE) VALUES(103, 486, 418);;
INSERT INTO PUBLIC.TEE(TEE_SET_ID, HOLE_ID, DISTANCE) VALUES(104, 469, 317);;
INSERT INTO PUBLIC.TEE(TEE_SET_ID, HOLE_ID, DISTANCE) VALUES(104, 470, 544);;
INSERT INTO PUBLIC.TEE(TEE_SET_ID, HOLE_ID, DISTANCE) VALUES(104, 471, 382);;
INSERT INTO PUBLIC.TEE(TEE_SET_ID, HOLE_ID, DISTANCE) VALUES(104, 472, 164);;
INSERT INTO PUBLIC.TEE(TEE_SET_ID, HOLE_ID, DISTANCE) VALUES(104, 473, 380);;
INSERT INTO PUBLIC.TEE(TEE_SET_ID, HOLE_ID, DISTANCE) VALUES(104, 474, 498);;
INSERT INTO PUBLIC.TEE(TEE_SET_ID, HOLE_ID, DISTANCE) VALUES(104, 475, 323);;
INSERT INTO PUBLIC.TEE(TEE_SET_ID, HOLE_ID, DISTANCE) VALUES(104, 476, 129);;
INSERT INTO PUBLIC.TEE(TEE_SET_ID, HOLE_ID, DISTANCE) VALUES(104, 477, 368);;
INSERT INTO PUBLIC.TEE(TEE_SET_ID, HOLE_ID, DISTANCE) VALUES(104, 478, 329);;
INSERT INTO PUBLIC.TEE(TEE_SET_ID, HOLE_ID, DISTANCE) VALUES(104, 479, 152);;
INSERT INTO PUBLIC.TEE(TEE_SET_ID, HOLE_ID, DISTANCE) VALUES(104, 480, 500);;
INSERT INTO PUBLIC.TEE(TEE_SET_ID, HOLE_ID, DISTANCE) VALUES(104, 481, 327);;
INSERT INTO PUBLIC.TEE(TEE_SET_ID, HOLE_ID, DISTANCE) VALUES(104, 482, 117);;
INSERT INTO PUBLIC.TEE(TEE_SET_ID, HOLE_ID, DISTANCE) VALUES(104, 483, 363);;
INSERT INTO PUBLIC.TEE(TEE_SET_ID, HOLE_ID, DISTANCE) VALUES(104, 484, 290);;
INSERT INTO PUBLIC.TEE(TEE_SET_ID, HOLE_ID, DISTANCE) VALUES(104, 485, 494);;
INSERT INTO PUBLIC.TEE(TEE_SET_ID, HOLE_ID, DISTANCE) VALUES(104, 486, 293);;
INSERT INTO PUBLIC.TEE(TEE_SET_ID, HOLE_ID, DISTANCE) VALUES(105, 469, 269);;
INSERT INTO PUBLIC.TEE(TEE_SET_ID, HOLE_ID, DISTANCE) VALUES(105, 470, 474);;
INSERT INTO PUBLIC.TEE(TEE_SET_ID, HOLE_ID, DISTANCE) VALUES(105, 471, 309);;
INSERT INTO PUBLIC.TEE(TEE_SET_ID, HOLE_ID, DISTANCE) VALUES(105, 472, 124);;
INSERT INTO PUBLIC.TEE(TEE_SET_ID, HOLE_ID, DISTANCE) VALUES(105, 473, 333);;
INSERT INTO PUBLIC.TEE(TEE_SET_ID, HOLE_ID, DISTANCE) VALUES(105, 474, 455);;
INSERT INTO PUBLIC.TEE(TEE_SET_ID, HOLE_ID, DISTANCE) VALUES(105, 475, 263);;
INSERT INTO PUBLIC.TEE(TEE_SET_ID, HOLE_ID, DISTANCE) VALUES(105, 476, 99);;
INSERT INTO PUBLIC.TEE(TEE_SET_ID, HOLE_ID, DISTANCE) VALUES(105, 477, 297);;
INSERT INTO PUBLIC.TEE(TEE_SET_ID, HOLE_ID, DISTANCE) VALUES(105, 478, 297);;
INSERT INTO PUBLIC.TEE(TEE_SET_ID, HOLE_ID, DISTANCE) VALUES(105, 479, 108);;
INSERT INTO PUBLIC.TEE(TEE_SET_ID, HOLE_ID, DISTANCE) VALUES(105, 480, 395);;
INSERT INTO PUBLIC.TEE(TEE_SET_ID, HOLE_ID, DISTANCE) VALUES(105, 481, 304);;
INSERT INTO PUBLIC.TEE(TEE_SET_ID, HOLE_ID, DISTANCE) VALUES(105, 482, 90);;
INSERT INTO PUBLIC.TEE(TEE_SET_ID, HOLE_ID, DISTANCE) VALUES(105, 483, 295);;
INSERT INTO PUBLIC.TEE(TEE_SET_ID, HOLE_ID, DISTANCE) VALUES(105, 484, 253);;
INSERT INTO PUBLIC.TEE(TEE_SET_ID, HOLE_ID, DISTANCE) VALUES(105, 485, 449);;
INSERT INTO PUBLIC.TEE(TEE_SET_ID, HOLE_ID, DISTANCE) VALUES(105, 486, 234);;
INSERT INTO PUBLIC.TEE(TEE_SET_ID, HOLE_ID, DISTANCE) VALUES(106, 487, 394);;
INSERT INTO PUBLIC.TEE(TEE_SET_ID, HOLE_ID, DISTANCE) VALUES(106, 488, 516);;
INSERT INTO PUBLIC.TEE(TEE_SET_ID, HOLE_ID, DISTANCE) VALUES(106, 489, 184);;
INSERT INTO PUBLIC.TEE(TEE_SET_ID, HOLE_ID, DISTANCE) VALUES(106, 490, 428);;
INSERT INTO PUBLIC.TEE(TEE_SET_ID, HOLE_ID, DISTANCE) VALUES(106, 491, 523);;
INSERT INTO PUBLIC.TEE(TEE_SET_ID, HOLE_ID, DISTANCE) VALUES(106, 492, 208);;
INSERT INTO PUBLIC.TEE(TEE_SET_ID, HOLE_ID, DISTANCE) VALUES(106, 493, 408);;
INSERT INTO PUBLIC.TEE(TEE_SET_ID, HOLE_ID, DISTANCE) VALUES(106, 494, 395);;
INSERT INTO PUBLIC.TEE(TEE_SET_ID, HOLE_ID, DISTANCE) VALUES(106, 495, 408);;
INSERT INTO PUBLIC.TEE(TEE_SET_ID, HOLE_ID, DISTANCE) VALUES(106, 496, 459);;
INSERT INTO PUBLIC.TEE(TEE_SET_ID, HOLE_ID, DISTANCE) VALUES(106, 497, 175);;
INSERT INTO PUBLIC.TEE(TEE_SET_ID, HOLE_ID, DISTANCE) VALUES(106, 498, 426);;
INSERT INTO PUBLIC.TEE(TEE_SET_ID, HOLE_ID, DISTANCE) VALUES(106, 499, 447);;
INSERT INTO PUBLIC.TEE(TEE_SET_ID, HOLE_ID, DISTANCE) VALUES(106, 500, 378);;
INSERT INTO PUBLIC.TEE(TEE_SET_ID, HOLE_ID, DISTANCE) VALUES(106, 501, 529);;
INSERT INTO PUBLIC.TEE(TEE_SET_ID, HOLE_ID, DISTANCE) VALUES(106, 502, 204);;
INSERT INTO PUBLIC.TEE(TEE_SET_ID, HOLE_ID, DISTANCE) VALUES(106, 503, 416);;
INSERT INTO PUBLIC.TEE(TEE_SET_ID, HOLE_ID, DISTANCE) VALUES(106, 504, 372);;
INSERT INTO PUBLIC.TEE(TEE_SET_ID, HOLE_ID, DISTANCE) VALUES(107, 487, 394);;
INSERT INTO PUBLIC.TEE(TEE_SET_ID, HOLE_ID, DISTANCE) VALUES(107, 488, 487);;
INSERT INTO PUBLIC.TEE(TEE_SET_ID, HOLE_ID, DISTANCE) VALUES(107, 489, 163);;
INSERT INTO PUBLIC.TEE(TEE_SET_ID, HOLE_ID, DISTANCE) VALUES(107, 490, 415);;
INSERT INTO PUBLIC.TEE(TEE_SET_ID, HOLE_ID, DISTANCE) VALUES(107, 491, 507);;
INSERT INTO PUBLIC.TEE(TEE_SET_ID, HOLE_ID, DISTANCE) VALUES(107, 492, 183);;
INSERT INTO PUBLIC.TEE(TEE_SET_ID, HOLE_ID, DISTANCE) VALUES(107, 493, 391);;
INSERT INTO PUBLIC.TEE(TEE_SET_ID, HOLE_ID, DISTANCE) VALUES(107, 494, 380);;
INSERT INTO PUBLIC.TEE(TEE_SET_ID, HOLE_ID, DISTANCE) VALUES(107, 495, 391);;
INSERT INTO PUBLIC.TEE(TEE_SET_ID, HOLE_ID, DISTANCE) VALUES(107, 496, 439);;
INSERT INTO PUBLIC.TEE(TEE_SET_ID, HOLE_ID, DISTANCE) VALUES(107, 497, 160);;
INSERT INTO PUBLIC.TEE(TEE_SET_ID, HOLE_ID, DISTANCE) VALUES(107, 498, 408);;
INSERT INTO PUBLIC.TEE(TEE_SET_ID, HOLE_ID, DISTANCE) VALUES(107, 499, 416);;
INSERT INTO PUBLIC.TEE(TEE_SET_ID, HOLE_ID, DISTANCE) VALUES(107, 500, 358);;
INSERT INTO PUBLIC.TEE(TEE_SET_ID, HOLE_ID, DISTANCE) VALUES(107, 501, 500);;
INSERT INTO PUBLIC.TEE(TEE_SET_ID, HOLE_ID, DISTANCE) VALUES(107, 502, 192);;
INSERT INTO PUBLIC.TEE(TEE_SET_ID, HOLE_ID, DISTANCE) VALUES(107, 503, 380);;
INSERT INTO PUBLIC.TEE(TEE_SET_ID, HOLE_ID, DISTANCE) VALUES(107, 504, 358);;
INSERT INTO PUBLIC.TEE(TEE_SET_ID, HOLE_ID, DISTANCE) VALUES(108, 487, 351);;
INSERT INTO PUBLIC.TEE(TEE_SET_ID, HOLE_ID, DISTANCE) VALUES(108, 488, 426);;
INSERT INTO PUBLIC.TEE(TEE_SET_ID, HOLE_ID, DISTANCE) VALUES(108, 489, 147);;
INSERT INTO PUBLIC.TEE(TEE_SET_ID, HOLE_ID, DISTANCE) VALUES(108, 490, 399);;
INSERT INTO PUBLIC.TEE(TEE_SET_ID, HOLE_ID, DISTANCE) VALUES(108, 491, 477);;
INSERT INTO PUBLIC.TEE(TEE_SET_ID, HOLE_ID, DISTANCE) VALUES(108, 492, 127);;
INSERT INTO PUBLIC.TEE(TEE_SET_ID, HOLE_ID, DISTANCE) VALUES(108, 493, 386);;
INSERT INTO PUBLIC.TEE(TEE_SET_ID, HOLE_ID, DISTANCE) VALUES(108, 494, 325);;
INSERT INTO PUBLIC.TEE(TEE_SET_ID, HOLE_ID, DISTANCE) VALUES(108, 495, 380);;
INSERT INTO PUBLIC.TEE(TEE_SET_ID, HOLE_ID, DISTANCE) VALUES(108, 496, 418);;
INSERT INTO PUBLIC.TEE(TEE_SET_ID, HOLE_ID, DISTANCE) VALUES(108, 497, 144);;
INSERT INTO PUBLIC.TEE(TEE_SET_ID, HOLE_ID, DISTANCE) VALUES(108, 498, 395);;
INSERT INTO PUBLIC.TEE(TEE_SET_ID, HOLE_ID, DISTANCE) VALUES(108, 499, 393);;
INSERT INTO PUBLIC.TEE(TEE_SET_ID, HOLE_ID, DISTANCE) VALUES(108, 500, 338);;
INSERT INTO PUBLIC.TEE(TEE_SET_ID, HOLE_ID, DISTANCE) VALUES(108, 501, 435);;
INSERT INTO PUBLIC.TEE(TEE_SET_ID, HOLE_ID, DISTANCE) VALUES(108, 502, 142);;
INSERT INTO PUBLIC.TEE(TEE_SET_ID, HOLE_ID, DISTANCE) VALUES(108, 503, 319);;
INSERT INTO PUBLIC.TEE(TEE_SET_ID, HOLE_ID, DISTANCE) VALUES(108, 504, 299);;
